seed,regime,mode,k,rescue_alpha,window_size,cooling_tokens,speedup,ttft_s,tpot_s,p99_latency_s,accepted_block_mean,rouge_l,bleu,bertscore
42,det,acsd,,0.2,5,10,2.1528729068682235,0.048604440951829087,0.003285217412696441,0.44348786900893566,8.66590897990898,0.9300483870967742,0.790435197664072,0.9300483870967742
42,det,acsd,,0.2,5,20,2.1528729068682235,0.048604440951829087,0.003285217412696441,0.44348786900893566,8.66590897990898,0.9300483870967742,0.790435197664072,0.9300483870967742
42,det,acsd,,0.2,5,50,2.1528729068682235,0.048604440951829087,0.003285217412696441,0.44348786900893566,8.66590897990898,0.9300483870967742,0.790435197664072,0.9300483870967742
42,det,acsd,,0.2,10,10,2.1528729068682235,0.048604440951829087,0.003285217412696441,0.44348786900893566,8.66590897990898,0.9300483870967742,0.790435197664072,0.9300483870967742
42,det,acsd,,0.2,10,20,2.1528729068682235,0.048604440951829087,0.003285217412696441,0.44348786900893566,8.66590897990898,0.9300483870967742,0.790435197664072,0.9300483870967742
42,det,acsd,,0.2,10,50,2.1528729068682235,0.048604440951829087,0.003285217412696441,0.44348786900893566,8.66590897990898,0.9300483870967742,0.790435197664072,0.9300483870967742
42,det,acsd,,0.2,20,10,2.1528729068682235,0.048604440951829087,0.003285217412696441,0.44348786900893566,8.66590897990898,0.9300483870967742,0.790435197664072,0.9300483870967742
42,det,acsd,,0.2,20,20,2.1528729068682235,0.048604440951829087,0.003285217412696441,0.44348786900893566,8.66590897990898,0.9300483870967742,0.790435197664072,0.9300483870967742
42,det,acsd,,0.2,20,50,2.1528729068682235,0.048604440951829087,0.003285217412696441,0.44348786900893566,8.66590897990898,0.9300483870967742,0.790435197664072,0.9300483870967742
42,det,acsd,,0.4,5,10,2.1793216808097124,0.04968506516966409,0.0032089013474410647,0.4171081467055138,7.5321705618942465,0.907272154245458,0.733625436173318,0.907272154245458
42,det,acsd,,0.4,5,20,2.1793216808097124,0.04968506516966409,0.0032089013474410647,0.4171081467055138,7.5321705618942465,0.907272154245458,0.733625436173318,0.907272154245458
42,det,acsd,,0.4,5,50,2.1793216808097124,0.04968506516966409,0.0032089013474410647,0.4171081467055138,7.5321705618942465,0.907272154245458,0.733625436173318,0.907272154245458
42,det,acsd,,0.4,10,10,2.1436898934035686,0.04944285958567659,0.0031796362916315297,0.41805306184809954,7.633385142635143,0.912997311827957,0.749847673719764,0.912997311827957
42,det,acsd,,0.4,10,20,2.1436898934035686,0.04944285958567659,0.0031796362916315297,0.41805306184809954,7.633385142635143,0.912997311827957,0.749847673719764,0.912997311827957
42,det,acsd,,0.4,10,50,2.1436898934035686,0.04944285958567659,0.0031796362916315297,0.41805306184809954,7.633385142635143,0.912997311827957,0.749847673719764,0.912997311827957
42,det,acsd,,0.4,20,10,2.2008755363069397,0.04942373865281548,0.003185234990674101,0.4153019667402905,7.581996002789482,0.9051317204301074,0.7285945184040905,0.9051317204301074
42,det,acsd,,0.4,20,20,2.2008755363069397,0.04942373865281548,0.003185234990674101,0.4153019667402905,7.581996002789482,0.9051317204301074,0.7285945184040905,0.9051317204301074
42,det,acsd,,0.4,20,50,2.2008755363069397,0.04942373865281548,0.003185234990674101,0.4153019667402905,7.581996002789482,0.9051317204301074,0.7285945184040905,0.9051317204301074
42,det,acsd,,0.6,5,10,2.2929291796345534,0.04861363655208069,0.00296515160825609,0.38928842545736525,5.178022585296728,0.9114511494252874,0.7551859711491757,0.9114511494252874
42,det,acsd,,0.6,5,20,2.3185055392998226,0.04952644961935707,0.002940160134674819,0.4062180845612173,5.044342091685106,0.904059510567297,0.7432170375523377,0.904059510567297
42,det,acsd,,0.6,5,50,2.3228700957546295,0.04954637872900482,0.002950721413454355,0.399709082963962,4.946032284196452,0.9188498331479422,0.7710322935188745,0.9188498331479422
42,det,acsd,,0.6,10,10,2.2979093198503944,0.04958481870743236,0.002937929292379044,0.39974786655372024,5.08987789485167,0.9187772525027811,0.7815399026635531,0.9187772525027811
42,det,acsd,,0.6,10,20,2.2701624392689546,0.04972756098292428,0.0029514850950710446,0.4067358779207013,5.151265707496691,0.9153525213199853,0.7688875198383678,0.9153525213199853
42,det,acsd,,0.6,10,50,2.3228700957546295,0.04954637872900482,0.0029507214134543553,0.399709082963962,4.946032284196452,0.9188498331479422,0.7710322935188745,0.9188498331479422
42,det,acsd,,0.6,20,10,2.319243499219519,0.049124996714958444,0.002947846591275061,0.4022312787160431,4.960593959117414,0.9312715053763441,0.8054273284961927,0.9312715053763441
42,det,acsd,,0.6,20,20,2.296852199011005,0.0491848781286746,0.0029393649134899246,0.4066305551844642,4.954470110743566,0.9245084352984798,0.7900816708502783,0.9245084352984798
42,det,acsd,,0.6,20,50,2.2950480866242913,0.04960131647661678,0.0029346098367636297,0.4042816652243205,4.961773525430613,0.9215326288468668,0.7790227587667394,0.9215326288468668
42,det,acsd,,0.8,5,10,2.3427503026182133,0.04924531325681687,0.0029082578564366803,0.39593488435536395,3.0727247812478384,0.9014687748291753,0.7287212513753016,0.9014687748291753
42,det,acsd,,0.8,5,20,2.3427503026182133,0.04924531325681687,0.0029082578564366803,0.39593488435536395,3.0727247812478384,0.9014687748291753,0.7287212513753016,0.9014687748291753
42,det,acsd,,0.8,5,50,2.3427503026182133,0.04924531325681687,0.0029082578564366803,0.39593488435536395,3.0727247812478384,0.9014687748291753,0.7287212513753016,0.9014687748291753
42,det,acsd,,0.8,10,10,2.3427503026182133,0.04924531325681687,0.0029082578564366803,0.39593488435536395,3.0727247812478384,0.9014687748291753,0.7287212513753016,0.9014687748291753
42,det,acsd,,0.8,10,20,2.3427503026182133,0.04924531325681687,0.0029082578564366803,0.39593488435536395,3.0727247812478384,0.9014687748291753,0.7287212513753016,0.9014687748291753
42,det,acsd,,0.8,10,50,2.3427503026182133,0.04924531325681687,0.0029082578564366803,0.39593488435536395,3.0727247812478384,0.9014687748291753,0.7287212513753016,0.9014687748291753
42,det,acsd,,0.8,20,10,2.3427503026182133,0.04924531325681687,0.0029082578564366803,0.39593488435536395,3.0727247812478384,0.9014687748291753,0.7287212513753016,0.9014687748291753
42,det,acsd,,0.8,20,20,2.3427503026182133,0.04924531325681687,0.0029082578564366803,0.39593488435536395,3.0727247812478384,0.9014687748291753,0.7287212513753016,0.9014687748291753
42,det,acsd,,0.8,20,50,2.3427503026182133,0.04924531325681687,0.0029082578564366803,0.39593488435536395,3.0727247812478384,0.9014687748291753,0.7287212513753016,0.9014687748291753
42,stoch,acsd,,0.2,5,10,1.7782663963232217,0.04926353598162402,0.004095221855834581,0.5314980389416557,6.032722947129596,0.8623787938979818,0.6488912931190578,0.8623787938979818
42,stoch,acsd,,0.2,5,20,1.7782663963232217,0.04926353598162402,0.004095221855834581,0.5314980389416557,6.032722947129596,0.8623787938979818,0.6488912931190578,0.8623787938979818
42,stoch,acsd,,0.2,5,50,1.7782663963232217,0.04926353598162402,0.004095221855834581,0.5314980389416557,6.032722947129596,0.8623787938979818,0.6488912931190578,0.8623787938979818
42,stoch,acsd,,0.2,10,10,1.75496583554611,0.049073855531946806,0.004141278988221556,0.5347699389849624,6.0878157399576835,0.8789755680915303,0.6702748168713721,0.8789755680915303
42,stoch,acsd,,0.2,10,20,1.75496583554611,0.049073855531946806,0.004141278988221556,0.5347699389849624,6.0878157399576835,0.8789755680915303,0.6702748168713721,0.8789755680915303
42,stoch,acsd,,0.2,10,50,1.75496583554611,0.049073855531946806,0.004141278988221556,0.5347699389849624,6.0878157399576835,0.8789755680915303,0.6702748168713721,0.8789755680915303
42,stoch,acsd,,0.2,20,10,1.7506832201398628,0.04932067339941903,0.0041679480974771465,0.5559575620121292,6.095130970594592,0.866212127231315,0.6339069786980482,0.866212127231315
42,stoch,acsd,,0.2,20,20,1.7506832201398628,0.04932067339941903,0.0041679480974771465,0.5559575620121292,6.095130970594592,0.866212127231315,0.6339069786980482,0.866212127231315
42,stoch,acsd,,0.2,20,50,1.7506832201398628,0.04932067339941903,0.0041679480974771465,0.5559575620121292,6.095130970594592,0.866212127231315,0.6339069786980482,0.866212127231315
42,stoch,acsd,,0.4,5,10,1.9152960043074057,0.04931121995276052,0.00367081178279238,0.49383667719109503,4.175340301924486,0.8780575374755019,0.646116362539095,0.8780575374755019
42,stoch,acsd,,0.4,5,20,1.9435690448787426,0.04886451394759395,0.0036888295731828356,0.49209483264516124,4.0836944786217995,0.869045513533556,0.6604049718270065,0.869045513533556
42,stoch,acsd,,0.4,5,50,1.9450549333667098,0.04900638338594233,0.0036516384739195733,0.5029250870193963,3.9062740054444927,0.8799182689761111,0.6757820230154676,0.8799182689761111
42,stoch,acsd,,0.4,10,10,1.949170189979477,0.04917080222988941,0.0036708461894172863,0.49194862743602397,4.141811482046106,0.9019024577572965,0.7203493036380416,0.9019024577572965
42,stoch,acsd,,0.4,10,20,1.9181264867142347,0.04920740889051399,0.0036711781892940043,0.49721029122271865,4.077135630263351,0.8924252608718684,0.6900863084460451,0.8924252608718684
42,stoch,acsd,,0.4,10,50,1.961752936779099,0.04909373740956883,0.003672556448273134,0.5036503597375963,3.9765936117116176,0.8884729064039409,0.6892433347720823,0.8884729064039409
42,stoch,acsd,,0.4,20,10,1.9357425737833964,0.049148445891767666,0.0036906096399570297,0.49656695362674313,4.065158944875872,0.8713098548651942,0.6575668877996773,0.8713098548651942
42,stoch,acsd,,0.4,20,20,1.9574460393354043,0.04970592303102909,0.003667054204856089,0.49486494215032284,4.070545782151448,0.8861579532814239,0.6893376900014577,0.8861579532814239
42,stoch,acsd,,0.4,20,50,1.9071511155157448,0.04908223869788398,0.0036788036839462417,0.504565805973969,3.943621134683552,0.8798737353673394,0.6740503826423,0.8798737353673394
42,stoch,acsd,,0.6,5,10,1.9229625502187333,0.04986885319256004,0.0036913955771287438,0.49833859719924256,2.4410046537136574,0.8704437072938185,0.6524339804474156,0.8704437072938185
42,stoch,acsd,,0.6,5,20,1.9504224438550917,0.049408367763761535,0.003692971075222577,0.49162859981844753,2.4182210582600834,0.8840656019916311,0.6802030203873113,0.8840656019916311
42,stoch,acsd,,0.6,5,50,1.9630315880560678,0.04955459535256672,0.003679856858897176,0.4968118836705195,2.4704307091239137,0.8748958763705704,0.6494422364701417,0.8748958763705704
42,stoch,acsd,,0.6,10,10,1.9256496836035926,0.04993934280098984,0.0036847071243929497,0.49444258219938525,2.4254195415153905,0.8725001589067218,0.6553190849817477,0.8725001589067218
42,stoch,acsd,,0.6,10,20,1.927147308310168,0.04993934280098984,0.003681311830275302,0.49444258219938525,2.4207136591624496,0.8725001589067218,0.6553190849817477,0.8725001589067218
42,stoch,acsd,,0.6,10,50,1.9431715717809717,0.04951673341854641,0.003675392086170903,0.4968118836705195,2.4548587016445502,0.871720496318661,0.6489858262283649,0.871720496318661
42,stoch,acsd,,0.6,20,10,1.9584333942941605,0.0494422034903101,0.003682107752210137,0.4968118836705195,2.487057166000371,0.8728313602415383,0.6463342558944771,0.8728313602415383
42,stoch,acsd,,0.6,20,20,1.9584333942941605,0.0494422034903101,0.003682107752210137,0.4968118836705195,2.487057166000371,0.8728313602415383,0.6463342558944771,0.8728313602415383
42,stoch,acsd,,0.6,20,50,1.9584333942941605,0.0494422034903101,0.003682107752210137,0.4968118836705195,2.487057166000371,0.8728313602415383,0.6463342558944771,0.8728313602415383
42,stoch,acsd,,0.8,5,10,1.9258812164301569,0.0492848473395505,0.0036900031471589095,0.4976704194396482,2.2417929870817437,0.8659107606335081,0.6434578781972365,0.8659107606335081
42,stoch,acsd,,0.8,5,20,1.9258812164301569,0.0492848473395505,0.0036900031471589095,0.4976704194396482,2.2417929870817437,0.8659107606335081,0.6434578781972365,0.8659107606335081
42,stoch,acsd,,0.8,5,50,1.9258812164301569,0.0492848473395505,0.0036900031471589095,0.4976704194396482,2.2417929870817437,0.8659107606335081,0.6434578781972365,0.8659107606335081
42,stoch,acsd,,0.8,10,10,1.9258812164301569,0.0492848473395505,0.0036900031471589095,0.4976704194396482,2.2417929870817437,0.8659107606335081,0.6434578781972365,0.8659107606335081
42,stoch,acsd,,0.8,10,20,1.9258812164301569,0.0492848473395505,0.0036900031471589095,0.4976704194396482,2.2417929870817437,0.8659107606335081,0.6434578781972365,0.8659107606335081
42,stoch,acsd,,0.8,10,50,1.9258812164301569,0.0492848473395505,0.0036900031471589095,0.4976704194396482,2.2417929870817437,0.8659107606335081,0.6434578781972365,0.8659107606335081
42,stoch,acsd,,0.8,20,10,1.9258812164301569,0.0492848473395505,0.0036900031471589095,0.4976704194396482,2.2417929870817437,0.8659107606335081,0.6434578781972365,0.8659107606335081
42,stoch,acsd,,0.8,20,20,1.9258812164301569,0.0492848473395505,0.0036900031471589095,0.4976704194396482,2.2417929870817437,0.8659107606335081,0.6434578781972365,0.8659107606335081
42,stoch,acsd,,0.8,20,50,1.9258812164301569,0.0492848473395505,0.0036900031471589095,0.4976704194396482,2.2417929870817437,0.8659107606335081,0.6434578781972365,0.8659107606335081
43,det,acsd,,0.2,5,10,2.1494792482046545,0.049131181831546585,0.003322980016545137,0.44318880068716093,8.706110500610501,0.911805339265851,0.7391831831792324,0.911805339265851
43,det,acsd,,0.2,5,20,2.1494792482046545,0.049131181831546585,0.003322980016545137,0.44318880068716093,8.706110500610501,0.911805339265851,0.7391831831792324,0.911805339265851
43,det,acsd,,0.2,5,50,2.1494792482046545,0.049131181831546585,0.003322980016545137,0.44318880068716093,8.706110500610501,0.911805339265851,0.7391831831792324,0.911805339265851
43,det,acsd,,0.2,10,10,2.1494792482046545,0.049131181831546585,0.003322980016545137,0.44318880068716093,8.706110500610501,0.911805339265851,0.7391831831792324,0.911805339265851
43,det,acsd,,0.2,10,20,2.1494792482046545,0.049131181831546585,0.003322980016545137,0.44318880068716093,8.706110500610501,0.911805339265851,0.7391831831792324,0.911805339265851
43,det,acsd,,0.2,10,50,2.1494792482046545,0.049131181831546585,0.003322980016545137,0.44318880068716093,8.706110500610501,0.911805339265851,0.7391831831792324,0.911805339265851
43,det,acsd,,0.2,20,10,2.1494792482046545,0.049131181831546585,0.003322980016545137,0.44318880068716093,8.706110500610501,0.911805339265851,0.7391831831792324,0.911805339265851
43,det,acsd,,0.2,20,20,2.1494792482046545,0.049131181831546585,0.003322980016545137,0.44318880068716093,8.706110500610501,0.911805339265851,0.7391831831792324,0.911805339265851
43,det,acsd,,0.2,20,50,2.1494792482046545,0.049131181831546585,0.003322980016545137,0.44318880068716093,8.706110500610501,0.911805339265851,0.7391831831792324,0.911805339265851
43,det,acsd,,0.4,5,10,2.2526633332695094,0.04930449960100712,0.003143195214872267,0.4069627338194166,7.572266343133991,0.9228315721171673,0.7914350898180958,0.9228315721171673
43,det,acsd,,0.4,5,20,2.2526633332695094,0.04930449960100712,0.003143195214872267,0.4069627338194166,7.572266343133991,0.9228315721171673,0.7914350898180958,0.9228315721171673
43,det,acsd,,0.4,5,50,2.2526633332695094,0.04930449960100712,0.003143195214872267,0.4069627338194166,7.572266343133991,0.9228315721171673,0.7914350898180958,0.9228315721171673
43,det,acsd,,0.4,10,10,2.219672338647258,0.049079655733906914,0.0031308584503041536,0.4154677655087361,7.726997573461969,0.9038198924731182,0.7291130019947621,0.9038198924731182
43,det,acsd,,0.4,10,20,2.219672338647258,0.049079655733906914,0.0031308584503041536,0.4154677655087361,7.726997573461969,0.9038198924731182,0.7291130019947621,0.9038198924731182
43,det,acsd,,0.4,10,50,2.219672338647258,0.049079655733906914,0.0031308584503041536,0.4154677655087361,7.726997573461969,0.9038198924731182,0.7291130019947621,0.9038198924731182
43,det,acsd,,0.4,20,10,2.1853262971837264,0.04920629800854309,0.0031702562796020145,0.41980948896142833,7.750073366090395,0.9158897849462364,0.755541385347284,0.9158897849462364
43,det,acsd,,0.4,20,20,2.1853262971837264,0.04920629800854309,0.0031702562796020145,0.41980948896142833,7.750073366090395,0.9158897849462364,0.755541385347284,0.9158897849462364
43,det,acsd,,0.4,20,50,2.1853262971837264,0.04920629800854309,0.0031702562796020145,0.41980948896142833,7.750073366090395,0.9158897849462364,0.755541385347284,0.9158897849462364
43,det,acsd,,0.6,5,10,2.2933954198259094,0.04978410728427045,0.0029635482454388965,0.40217437624942126,5.278081256848221,0.9102069892473118,0.7439849497141872,0.9102069892473118
43,det,acsd,,0.6,5,20,2.3296658806655772,0.04944387472978655,0.002954882283438107,0.3994155049087081,5.208046923498286,0.9048306451612903,0.7252603176803365,0.9048306451612903
43,det,acsd,,0.6,5,50,2.323800773381376,0.049416387063589265,0.0029577462168794877,0.40024522065901114,5.2098985388702745,0.9179462365591398,0.7643492511566495,0.9179462365591398
43,det,acsd,,0.6,10,10,2.3420909814697604,0.04975292183836021,0.0029505828091362595,0.4003437049087081,5.253005324597817,0.9075779569892473,0.7298382884538548,0.9075779569892473
43,det,acsd,,0.6,10,20,2.3420909814697604,0.04975292183836021,0.0029505828091362595,0.4003437049087081,5.253005324597817,0.9075779569892473,0.7298382884538548,0.9075779569892473
43,det,acsd,,0.6,10,50,2.3295076510352692,0.049916028112372966,0.0029471105265842057,0.40653233125892657,5.055736686451901,0.9143844086021505,0.765402276697274,0.9143844086021505
43,det,acsd,,0.6,20,10,2.3184549855481524,0.049750953992287066,0.002932307553994834,0.3956221018837548,5.235122221261861,0.9114489247311829,0.7358971618453625,0.9114489247311829
43,det,acsd,,0.6,20,20,2.313042512478521,0.049775904202325964,0.0029379403497488184,0.3996829195209905,5.230925377800311,0.9114489247311829,0.7346747367572373,0.9114489247311829
43,det,acsd,,0.6,20,50,2.3270087277776574,0.05007889917985884,0.002944065037845132,0.4066145177720161,5.066972014637229,0.913739247311828,0.7607927861974152,0.913739247311828
43,det,acsd,,0.8,5,10,2.3129072695720945,0.04853204190891963,0.00290177368101442,0.38813022878614395,3.0996464958783876,0.914530218761587,0.727707015011791,0.914530218761587
43,det,acsd,,0.8,5,20,2.3129072695720945,0.04853204190891963,0.00290177368101442,0.38813022878614395,3.0996464958783876,0.914530218761587,0.727707015011791,0.914530218761587
43,det,acsd,,0.8,5,50,2.3129072695720945,0.04853204190891963,0.00290177368101442,0.38813022878614395,3.0996464958783876,0.914530218761587,0.727707015011791,0.914530218761587
43,det,acsd,,0.8,10,10,2.303306863307699,0.04851187998456995,0.002901238386896773,0.3870364729539953,3.1085858898177814,0.9151323692992213,0.7286653901157837,0.9151323692992213
43,det,acsd,,0.8,10,20,2.303306863307699,0.04851187998456995,0.002901238386896773,0.3870364729539953,3.1085858898177814,0.9151323692992213,0.7286653901157837,0.9151323692992213
43,det,acsd,,0.8,10,50,2.303306863307699,0.04851187998456995,0.002901238386896773,0.3870364729539953,3.1085858898177814,0.9151323692992213,0.7286653901157837,0.9151323692992213
43,det,acsd,,0.8,20,10,2.303306863307699,0.04851187998456995,0.002901238386896773,0.3870364729539953,3.1085858898177814,0.9151323692992213,0.7286653901157837,0.9151323692992213
43,det,acsd,,0.8,20,20,2.303306863307699,0.04851187998456995,0.002901238386896773,0.3870364729539953,3.1085858898177814,0.9151323692992213,0.7286653901157837,0.9151323692992213
43,det,acsd,,0.8,20,50,2.303306863307699,0.04851187998456995,0.002901238386896773,0.3870364729539953,3.1085858898177814,0.9151323692992213,0.7286653901157837,0.9151323692992213
43,stoch,acsd,,0.2,5,10,1.7909411937380084,0.04922951053049219,0.004154049604454106,0.5448089092394104,6.027204746399758,0.8894517055988135,0.7007088775960467,0.8894517055988135
43,stoch,acsd,,0.2,5,20,1.7909411937380084,0.04922951053049219,0.004154049604454106,0.5448089092394104,6.027204746399758,0.8894517055988135,0.7007088775960467,0.8894517055988135
43,stoch,acsd,,0.2,5,50,1.7909411937380084,0.04922951053049219,0.004154049604454106,0.5448089092394104,6.027204746399758,0.8894517055988135,0.7007088775960467,0.8894517055988135
43,stoch,acsd,,0.2,10,10,1.7435005879047054,0.04982313140730054,0.004140153798105595,0.5431446559976639,6.084325941976541,0.8784724958949097,0.6699107847737824,0.8784724958949097
43,stoch,acsd,,0.2,10,20,1.7435005879047054,0.04982313140730054,0.004140153798105595,0.5431446559976639,6.084325941976541,0.8784724958949097,0.6699107847737824,0.8784724958949097
43,stoch,acsd,,0.2,10,50,1.7435005879047054,0.04982313140730054,0.004140153798105595,0.5431446559976639,6.084325941976541,0.8784724958949097,0.6699107847737824,0.8784724958949097
43,stoch,acsd,,0.2,20,10,1.7465886920098164,0.04942860722426208,0.004158055718787861,0.5546259066208341,6.109623503173813,0.8853033794162826,0.6830240520740958,0.8853033794162826
43,stoch,acsd,,0.2,20,20,1.7465886920098164,0.04942860722426208,0.004158055718787861,0.5546259066208341,6.109623503173813,0.8853033794162826,0.6830240520740958,0.8853033794162826
43,stoch,acsd,,0.2,20,50,1.7465886920098164,0.04942860722426208,0.004158055718787861,0.5546259066208341,6.109623503173813,0.8853033794162826,0.6830240520740958,0.8853033794162826
43,stoch,acsd,,0.4,5,10,1.9742808876388154,0.04952133255857503,0.003677508215123409,0.4932489685408288,4.053447306288921,0.8681832591768632,0.6450812440627709,0.8681832591768632
43,stoch,acsd,,0.4,5,20,1.9105072648686083,0.0490693095448126,0.0036561519679874054,0.4819161221086468,4.007001334881805,0.8868211372424387,0.6861459863252938,0.8868211372424387
43,stoch,acsd,,0.4,5,50,1.9413033204325134,0.049516812940488625,0.003671901158450479,0.49713071201012315,3.976618941953995,0.8627704857248795,0.6305088253403782,0.8627704857248795
43,stoch,acsd,,0.4,10,10,1.9455926799643868,0.049598539987354674,0.003672776323113168,0.4913460820277392,4.047820624447752,0.8703440065681444,0.6360486571738503,0.8703440065681444
43,stoch,acsd,,0.4,10,20,1.942520227563441,0.049010093163731415,0.0036251136463862276,0.4926139923130619,4.099612670810591,0.8741093013401133,0.6324609770950557,0.8741093013401133
43,stoch,acsd,,0.4,10,50,1.9313357896578425,0.04940542579352378,0.0036693026426301454,0.4964740358425215,4.014666174519169,0.8667968907251445,0.6485316504165242,0.8667968907251445
43,stoch,acsd,,0.4,20,10,1.9436316975898624,0.04995080388767488,0.0036621524619805646,0.49174174603148446,4.1194037081184245,0.8582255548493035,0.619044734834262,0.8582255548493035
43,stoch,acsd,,0.4,20,20,1.951375078799758,0.04956081017944534,0.003652787631991636,0.48166052509316826,4.007874669676458,0.8767981487366916,0.6639279043710684,0.8767981487366916
43,stoch,acsd,,0.4,20,50,1.9389259960456666,0.049357720357635824,0.003648981272591399,0.49993579408039013,4.010197173734379,0.8757621431219874,0.6590074881038016,0.8757621431219874
43,stoch,acsd,,0.6,5,10,1.9903856363425825,0.049512357200029965,0.003676981306271465,0.4938911585734717,2.3954526199030908,0.8707298850574712,0.6288693989320212,0.8707298850574712
43,stoch,acsd,,0.6,5,20,1.9602420221379624,0.04909125319250056,0.0036743569420784306,0.4989175262085667,2.4205300416582873,0.862849893473642,0.6307655433594598,0.862849893473642
43,stoch,acsd,,0.6,5,50,1.9430618093072465,0.04981300977110293,0.003694871182700892,0.5016822784660445,2.3486370083148222,0.8614606970708194,0.6165444573325152,0.8614606970708194
43,stoch,acsd,,0.6,10,10,1.933673949182466,0.04969034749631675,0.0036697347932094847,0.49616212615364885,2.395167499501612,0.8546962968848396,0.6064650051487315,0.8546962968848396
43,stoch,acsd,,0.6,10,20,1.9445395599278694,0.04949796432965767,0.0036873806328509627,0.4970014045017024,2.346110691350145,0.8694723767148684,0.6479788371067441,0.8694723767148684
43,stoch,acsd,,0.6,10,50,1.948973567802562,0.04986668799718341,0.0036923222443469507,0.4995951134450957,2.3509651856345664,0.8609445680385613,0.6158343538783815,0.8609445680385613
43,stoch,acsd,,0.6,20,10,1.9395602549612856,0.04983752945217494,0.003670774243678516,0.49616212615364885,2.424705001426399,0.8624379336829281,0.6451800488657787,0.8624379336829281
43,stoch,acsd,,0.6,20,20,1.9500754470007355,0.04975554942758675,0.0036933325575498454,0.501786340135348,2.375094276890374,0.8681845569150909,0.6374078764954771,0.8681845569150909
43,stoch,acsd,,0.6,20,50,1.943846729616463,0.04981300977110293,0.0036930230736817293,0.5016822784660445,2.3468978778800396,0.8614606970708194,0.6165444573325152,0.8614606970708194
43,stoch,acsd,,0.8,5,10,1.9501183388470535,0.04977227403658358,0.0036754430765734915,0.49619642625994453,2.249986528725203,0.8716739896180943,0.6437866278607642,0.8716739896180943
43,stoch,acsd,,0.8,5,20,1.9501183388470535,0.04977227403658358,0.0036754430765734915,0.49619642625994453,2.249986528725203,0.8716739896180943,0.6437866278607642,0.8716739896180943
43,stoch,acsd,,0.8,5,50,1.9501183388470535,0.04977227403658358,0.0036754430765734915,0.49619642625994453,2.249986528725203,0.8716739896180943,0.6437866278607642,0.8716739896180943
43,stoch,acsd,,0.8,10,10,1.9501183388470535,0.04977227403658358,0.0036754430765734915,0.49619642625994453,2.249986528725203,0.8716739896180943,0.6437866278607642,0.8716739896180943
43,stoch,acsd,,0.8,10,20,1.9501183388470535,0.04977227403658358,0.0036754430765734915,0.49619642625994453,2.249986528725203,0.8716739896180943,0.6437866278607642,0.8716739896180943
43,stoch,acsd,,0.8,10,50,1.9501183388470535,0.04977227403658358,0.0036754430765734915,0.49619642625994453,2.249986528725203,0.8716739896180943,0.6437866278607642,0.8716739896180943
43,stoch,acsd,,0.8,20,10,1.9501183388470535,0.04977227403658358,0.0036754430765734915,0.49619642625994453,2.249986528725203,0.8716739896180943,0.6437866278607642,0.8716739896180943
43,stoch,acsd,,0.8,20,20,1.9501183388470535,0.04977227403658358,0.0036754430765734915,0.49619642625994453,2.249986528725203,0.8716739896180943,0.6437866278607642,0.8716739896180943
43,stoch,acsd,,0.8,20,50,1.9501183388470535,0.04977227403658358,0.0036754430765734915,0.49619642625994453,2.249986528725203,0.8716739896180943,0.6437866278607642,0.8716739896180943
44,det,acsd,,0.2,5,10,2.1324315286271234,0.04981050305977516,0.0032697089246764345,0.4450866256659198,8.649413752913752,0.914656946872186,0.7575630180856991,0.914656946872186
44,det,acsd,,0.2,5,20,2.1324315286271234,0.04981050305977516,0.0032697089246764345,0.4450866256659198,8.649413752913752,0.914656946872186,0.7575630180856991,0.914656946872186
44,det,acsd,,0.2,5,50,2.1324315286271234,0.04981050305977516,0.0032697089246764345,0.4450866256659198,8.649413752913752,0.914656946872186,0.7575630180856991,0.914656946872186
44,det,acsd,,0.2,10,10,2.1324315286271234,0.04981050305977516,0.0032697089246764345,0.4450866256659198,8.649413752913752,0.914656946872186,0.7575630180856991,0.914656946872186
44,det,acsd,,0.2,10,20,2.1324315286271234,0.04981050305977516,0.0032697089246764345,0.4450866256659198,8.649413752913752,0.914656946872186,0.7575630180856991,0.914656946872186
44,det,acsd,,0.2,10,50,2.1324315286271234,0.04981050305977516,0.0032697089246764345,0.4450866256659198,8.649413752913752,0.914656946872186,0.7575630180856991,0.914656946872186
44,det,acsd,,0.2,20,10,2.1324315286271234,0.04981050305977516,0.0032697089246764345,0.4450866256659198,8.649413752913752,0.914656946872186,0.7575630180856991,0.914656946872186
44,det,acsd,,0.2,20,20,2.1324315286271234,0.04981050305977516,0.0032697089246764345,0.4450866256659198,8.649413752913752,0.914656946872186,0.7575630180856991,0.914656946872186
44,det,acsd,,0.2,20,50,2.1324315286271234,0.04981050305977516,0.0032697089246764345,0.4450866256659198,8.649413752913752,0.914656946872186,0.7575630180856991,0.914656946872186
44,det,acsd,,0.4,5,10,2.2050251024451484,0.05008822136679267,0.003157032977273806,0.41976635104467,7.607456486324134,0.9108211902113459,0.7399957734905329,0.9108211902113459
44,det,acsd,,0.4,5,20,2.2050251024451484,0.05008822136679267,0.003157032977273806,0.41976635104467,7.607456486324134,0.9108211902113459,0.7399957734905329,0.9108211902113459
44,det,acsd,,0.4,5,50,2.2050251024451484,0.05008822136679267,0.003157032977273806,0.41976635104467,7.607456486324134,0.9108211902113459,0.7399957734905329,0.9108211902113459
44,det,acsd,,0.4,10,10,2.1994794012055223,0.049413682753897514,0.003206798124605786,0.413211678018491,7.693511508099744,0.9067486095661846,0.7346889795004113,0.9067486095661846
44,det,acsd,,0.4,10,20,2.1994794012055223,0.049413682753897514,0.003206798124605786,0.413211678018491,7.693511508099744,0.9067486095661846,0.7346889795004113,0.9067486095661846
44,det,acsd,,0.4,10,50,2.1994794012055223,0.049413682753897514,0.003206798124605786,0.413211678018491,7.693511508099744,0.9067486095661846,0.7346889795004113,0.9067486095661846
44,det,acsd,,0.4,20,10,2.2200896573507247,0.04956512763757741,0.0031869773156409814,0.4183026016067273,7.693099651982005,0.9100983500185391,0.7483542171416441,0.9100983500185391
44,det,acsd,,0.4,20,20,2.2200896573507247,0.04956512763757741,0.0031869773156409814,0.4183026016067273,7.693099651982005,0.9100983500185391,0.7483542171416441,0.9100983500185391
44,det,acsd,,0.4,20,50,2.2200896573507247,0.04956512763757741,0.0031869773156409814,0.4183026016067273,7.693099651982005,0.9100983500185391,0.7483542171416441,0.9100983500185391
44,det,acsd,,0.6,5,10,2.3419751966960276,0.04989739336852054,0.0029423389818699773,0.4013711985842649,5.2173579422369745,0.9136380237300705,0.7576774422269027,0.9136380237300705
44,det,acsd,,0.6,5,20,2.344257730898598,0.04985155619397447,0.0029353988680719334,0.39792853429426295,5.2124371783187575,0.9140304968483501,0.7590271202674043,0.9140304968483501
44,det,acsd,,0.6,5,50,2.3580722520962656,0.04991806972482756,0.0029492768588467466,0.40211310605457345,5.174960104624192,0.9072814238042268,0.7538104248892542,0.9072814238042268
44,det,acsd,,0.6,10,10,2.3478138699153925,0.049806489437577095,0.002948098252850047,0.39829632080735244,5.22356617917686,0.9113692065257695,0.7533153607998011,0.9113692065257695
44,det,acsd,,0.6,10,20,2.3414899567832492,0.04990876647229701,0.0029409613255594997,0.4037161026962695,5.198623683506037,0.9153235076010382,0.7602306229741402,0.9153235076010382
44,det,acsd,,0.6,10,50,2.317022881447981,0.04978369058996175,0.0029603091697995246,0.4008858462208971,5.178465775194877,0.9084670003707825,0.7515420427388264,0.9084670003707825
44,det,acsd,,0.6,20,10,2.3157452020608007,0.04943063657564546,0.0029670869598871345,0.4001625510130107,5.1442422238923795,0.9262993140526512,0.8014637878191408,0.9262993140526512
44,det,acsd,,0.6,20,20,2.3267727128981917,0.04969123587850983,0.0029739797015041316,0.4048717797366771,5.121458514347262,0.9077512977382276,0.7563085771377458,0.9077512977382276
44,det,acsd,,0.6,20,50,2.3277760075405096,0.04961977309864914,0.002943367328199061,0.4048717797366771,5.12613393684931,0.9099666295884316,0.7496843653717141,0.9099666295884316
44,det,acsd,,0.8,5,10,2.3889859772212816,0.049748885766030405,0.0028901465552329747,0.3978451701587365,3.068924955657691,0.9159834074898034,0.7635943395945458,0.9159834074898034
44,det,acsd,,0.8,5,20,2.3889859772212816,0.049748885766030405,0.0028901465552329747,0.3978451701587365,3.068924955657691,0.9159834074898034,0.7635943395945458,0.9159834074898034
44,det,acsd,,0.8,5,50,2.3889859772212816,0.049748885766030405,0.0028901465552329747,0.3978451701587365,3.068924955657691,0.9159834074898034,0.7635943395945458,0.9159834074898034
44,det,acsd,,0.8,10,10,2.3889859772212816,0.049748885766030405,0.0028901465552329747,0.3978451701587365,3.068924955657691,0.9159834074898034,0.7635943395945458,0.9159834074898034
44,det,acsd,,0.8,10,20,2.3889859772212816,0.049748885766030405,0.0028901465552329747,0.3978451701587365,3.068924955657691,0.9159834074898034,0.7635943395945458,0.9159834074898034
44,det,acsd,,0.8,10,50,2.3889859772212816,0.049748885766030405,0.0028901465552329747,0.3978451701587365,3.068924955657691,0.9159834074898034,0.7635943395945458,0.9159834074898034
44,det,acsd,,0.8,20,10,2.3889859772212816,0.049748885766030405,0.0028901465552329747,0.3978451701587365,3.068924955657691,0.9159834074898034,0.7635943395945458,0.9159834074898034
44,det,acsd,,0.8,20,20,2.3889859772212816,0.049748885766030405,0.0028901465552329747,0.3978451701587365,3.068924955657691,0.9159834074898034,0.7635943395945458,0.9159834074898034
44,det,acsd,,0.8,20,50,2.3889859772212816,0.049748885766030405,0.0028901465552329747,0.3978451701587365,3.068924955657691,0.9159834074898034,0.7635943395945458,0.9159834074898034
44,stoch,acsd,,0.2,5,10,1.783425207909927,0.0491721016395364,0.004080311923789071,0.5556707944425509,6.111022608701031,0.8762037184172891,0.6738816107911141,0.8762037184172891
44,stoch,acsd,,0.2,5,20,1.783425207909927,0.0491721016395364,0.004080311923789071,0.5556707944425509,6.111022608701031,0.8762037184172891,0.6738816107911141,0.8762037184172891
44,stoch,acsd,,0.2,5,50,1.783425207909927,0.0491721016395364,0.004080311923789071,0.5556707944425509,6.111022608701031,0.8762037184172891,0.6738816107911141,0.8762037184172891
44,stoch,acsd,,0.2,10,10,1.7865284514071447,0.04954484478724026,0.0041085319138427145,0.5499749084151686,6.105230051736848,0.8782601700301923,0.6699352924988655,0.8782601700301923
44,stoch,acsd,,0.2,10,20,1.7865284514071447,0.04954484478724026,0.0041085319138427145,0.5499749084151686,6.105230051736848,0.8782601700301923,0.6699352924988655,0.8782601700301923
44,stoch,acsd,,0.2,10,50,1.7865284514071447,0.04954484478724026,0.0041085319138427145,0.5499749084151686,6.105230051736848,0.8782601700301923,0.6699352924988655,0.8782601700301923
44,stoch,acsd,,0.2,20,10,1.7712825749599368,0.04927892876863565,0.004137836399014851,0.5468842268072468,6.1777268649225165,0.8697984533079084,0.6562552147586945,0.8697984533079084
44,stoch,acsd,,0.2,20,20,1.7712825749599368,0.04927892876863565,0.004137836399014851,0.5468842268072468,6.1777268649225165,0.8697984533079084,0.6562552147586945,0.8697984533079084
44,stoch,acsd,,0.2,20,50,1.7712825749599368,0.04927892876863565,0.004137836399014851,0.5468842268072468,6.1777268649225165,0.8697984533079084,0.6562552147586945,0.8697984533079084
44,stoch,acsd,,0.4,5,10,1.9599296284851793,0.050061180502781744,0.0036495763055580583,0.48486417601427545,4.186820158278578,0.8585452354467928,0.6363361687687876,0.8585452354467928
44,stoch,acsd,,0.4,5,20,1.9787552005817997,0.04936809758318521,0.003687679447758802,0.49472624884813066,4.059054850715486,0.8562370682298379,0.6244168144655133,0.8562370682298379
44,stoch,acsd,,0.4,5,50,1.9346650314938454,0.04985213892870962,0.003659776051951501,0.5003934831268358,3.97556897059201,0.8629696885428254,0.6281418055924832,0.8629696885428254
44,stoch,acsd,,0.4,10,10,1.94539443422811,0.04944683597590163,0.0036542257163272264,0.48486417601427545,4.198740225096242,0.864986116260866,0.6490690165399187,0.864986116260866
44,stoch,acsd,,0.4,10,20,1.9694064720989235,0.04950163666555995,0.0036706897827282524,0.48945780991232524,4.124185717316249,0.864481691885752,0.6390253091061056,0.864481691885752
44,stoch,acsd,,0.4,10,50,1.9511302970462798,0.04921045997318876,0.003681241378576629,0.4927769054758236,3.906072022597279,0.8653108083055245,0.6262215287045154,0.8653108083055245
44,stoch,acsd,,0.4,20,10,1.9336045228111303,0.049470335277251885,0.003627965453281172,0.48076782176240146,4.175485013447683,0.8643251967206362,0.6420296932083666,0.8643251967206362
44,stoch,acsd,,0.4,20,20,1.946149646400915,0.049511774979875064,0.003643293670486986,0.49352581099944476,4.105863076855741,0.865463914931935,0.6462162272187946,0.865463914931935
44,stoch,acsd,,0.4,20,50,1.9673903219926372,0.04945513903979097,0.003666297780297827,0.4935112867196021,3.9814514341682106,0.8685234519836856,0.6388433921157108,0.8685234519836856
44,stoch,acsd,,0.6,5,10,1.9722108279527923,0.04914146655733456,0.0036820680948718276,0.49758711404807165,2.459723798586465,0.8757308841099164,0.6834507997914682,0.8757308841099164
44,stoch,acsd,,0.6,5,20,1.9307666432861008,0.04958987093559819,0.0036750584535663842,0.49927039761648445,2.41672600935147,0.8599755077658304,0.6261489156979281,0.8599755077658304
44,stoch,acsd,,0.6,5,50,1.9627101719348985,0.04949753621164829,0.0036814594954014622,0.5007487197148638,2.3541970527139364,0.8751648127549128,0.6542668658957416,0.8751648127549128
44,stoch,acsd,,0.6,10,10,1.9670299588113636,0.049060621824588965,0.0036857433783530347,0.5065847294160957,2.393660820893639,0.8737176492398963,0.6393467088815842,0.8737176492398963
44,stoch,acsd,,0.6,10,20,1.9670299588113636,0.049060621824588965,0.0036857433783530347,0.5065847294160957,2.393660820893639,0.8737176492398963,0.6393467088815842,0.8737176492398963
44,stoch,acsd,,0.6,10,50,1.9286385763675682,0.04923626513533606,0.003669957171202004,0.5003718879713566,2.337857716744442,0.8675325361512791,0.6460997445603196,0.8675325361512791
44,stoch,acsd,,0.6,20,10,1.9416677131548605,0.049455018204383736,0.003680835382256268,0.505360953652944,2.3294199193769645,0.8669750648869113,0.6623578675516708,0.8669750648869113
44,stoch,acsd,,0.6,20,20,1.9416677131548605,0.049455018204383736,0.003680835382256268,0.505360953652944,2.3294199193769645,0.8669750648869113,0.6623578675516708,0.8669750648869113
44,stoch,acsd,,0.6,20,50,1.9416677131548605,0.049455018204383736,0.003680835382256268,0.505360953652944,2.3294199193769645,0.8669750648869113,0.6623578675516708,0.8669750648869113
44,stoch,acsd,,0.8,5,10,1.9201333435864052,0.050200949388262056,0.0036602385106919697,0.5061891086623206,2.261488775790275,0.8779801631442345,0.676531338099149,0.8779801631442345
44,stoch,acsd,,0.8,5,20,1.9201333435864052,0.050200949388262056,0.0036602385106919697,0.5061891086623206,2.261488775790275,0.8779801631442345,0.676531338099149,0.8779801631442345
44,stoch,acsd,,0.8,5,50,1.9201333435864052,0.050200949388262056,0.0036602385106919697,0.5061891086623206,2.261488775790275,0.8779801631442345,0.676531338099149,0.8779801631442345
44,stoch,acsd,,0.8,10,10,1.9201333435864052,0.050200949388262056,0.0036602385106919697,0.5061891086623206,2.261488775790275,0.8779801631442345,0.676531338099149,0.8779801631442345
44,stoch,acsd,,0.8,10,20,1.9201333435864052,0.050200949388262056,0.0036602385106919697,0.5061891086623206,2.261488775790275,0.8779801631442345,0.676531338099149,0.8779801631442345
44,stoch,acsd,,0.8,10,50,1.9201333435864052,0.050200949388262056,0.0036602385106919697,0.5061891086623206,2.261488775790275,0.8779801631442345,0.676531338099149,0.8779801631442345
44,stoch,acsd,,0.8,20,10,1.9201333435864052,0.050200949388262056,0.0036602385106919697,0.5061891086623206,2.261488775790275,0.8779801631442345,0.676531338099149,0.8779801631442345
44,stoch,acsd,,0.8,20,20,1.9201333435864052,0.050200949388262056,0.0036602385106919697,0.5061891086623206,2.261488775790275,0.8779801631442345,0.676531338099149,0.8779801631442345
44,stoch,acsd,,0.8,20,50,1.9201333435864052,0.050200949388262056,0.0036602385106919697,0.5061891086623206,2.261488775790275,0.8779801631442345,0.676531338099149,0.8779801631442345
45,det,acsd,,0.2,5,10,2.1497426057918108,0.04924733604188341,0.003281869187241725,0.43109280556228585,8.659089244089245,0.9075288283277716,0.7298040063791769,0.9075288283277716
45,det,acsd,,0.2,5,20,2.1497426057918108,0.04924733604188341,0.003281869187241725,0.43109280556228585,8.659089244089245,0.9075288283277716,0.7298040063791769,0.9075288283277716
45,det,acsd,,0.2,5,50,2.1497426057918108,0.04924733604188341,0.003281869187241725,0.43109280556228585,8.659089244089245,0.9075288283277716,0.7298040063791769,0.9075288283277716
45,det,acsd,,0.2,10,10,2.1497426057918108,0.04924733604188341,0.003281869187241725,0.43109280556228585,8.659089244089245,0.9075288283277716,0.7298040063791769,0.9075288283277716
45,det,acsd,,0.2,10,20,2.1497426057918108,0.04924733604188341,0.003281869187241725,0.43109280556228585,8.659089244089245,0.9075288283277716,0.7298040063791769,0.9075288283277716
45,det,acsd,,0.2,10,50,2.1497426057918108,0.04924733604188341,0.003281869187241725,0.43109280556228585,8.659089244089245,0.9075288283277716,0.7298040063791769,0.9075288283277716
45,det,acsd,,0.2,20,10,2.1497426057918108,0.04924733604188341,0.003281869187241725,0.43109280556228585,8.659089244089245,0.9075288283277716,0.7298040063791769,0.9075288283277716
45,det,acsd,,0.2,20,20,2.1497426057918108,0.04924733604188341,0.003281869187241725,0.43109280556228585,8.659089244089245,0.9075288283277716,0.7298040063791769,0.9075288283277716
45,det,acsd,,0.2,20,50,2.1497426057918108,0.04924733604188341,0.003281869187241725,0.43109280556228585,8.659089244089245,0.9075288283277716,0.7298040063791769,0.9075288283277716
45,det,acsd,,0.4,5,10,2.199276702672739,0.04873077558353656,0.0031567580470635735,0.41524065488442957,7.370722880232943,0.9074468854282537,0.7222093739065059,0.9074468854282537
45,det,acsd,,0.4,5,20,2.199276702672739,0.04873077558353656,0.0031567580470635735,0.41524065488442957,7.370722880232943,0.9074468854282537,0.7222093739065059,0.9074468854282537
45,det,acsd,,0.4,5,50,2.199276702672739,0.04873077558353656,0.0031567580470635735,0.41524065488442957,7.370722880232943,0.9074468854282537,0.7222093739065059,0.9074468854282537
45,det,acsd,,0.4,10,10,2.271125067896082,0.04941838492702835,0.003173661999188301,0.4291661165673877,7.593754188450009,0.8927796625880609,0.7015638940383165,0.8927796625880609
45,det,acsd,,0.4,10,20,2.271125067896082,0.04941838492702835,0.003173661999188301,0.4291661165673877,7.593754188450009,0.8927796625880609,0.7015638940383165,0.8927796625880609
45,det,acsd,,0.4,10,50,2.271125067896082,0.04941838492702835,0.003173661999188301,0.4291661165673877,7.593754188450009,0.8927796625880609,0.7015638940383165,0.8927796625880609
45,det,acsd,,0.4,20,10,2.198343328634681,0.049757535465674484,0.0031962439171579547,0.42153239118298835,7.6929404162401065,0.8853797738227661,0.6860348068885836,0.8853797738227661
45,det,acsd,,0.4,20,20,2.198343328634681,0.049757535465674484,0.0031962439171579547,0.42153239118298835,7.6929404162401065,0.8853797738227661,0.6860348068885836,0.8853797738227661
45,det,acsd,,0.4,20,50,2.198343328634681,0.049757535465674484,0.0031962439171579547,0.42153239118298835,7.6929404162401065,0.8853797738227661,0.6860348068885836,0.8853797738227661
45,det,acsd,,0.6,5,10,2.360056838217397,0.048578810180369386,0.002969680138886554,0.3931789453554373,5.159788685313672,0.8822629773822765,0.6881820273470306,0.8822629773822765
45,det,acsd,,0.6,5,20,2.3475323758031386,0.048730680533096066,0.0029701448997272446,0.3935677592103185,5.1196679371407505,0.9018917315535782,0.7359616574176431,0.9018917315535782
45,det,acsd,,0.6,5,50,2.3532512667108203,0.048859899124138996,0.0029191567721616285,0.40037690433832873,5.091324968584952,0.8860799035965888,0.6669535394134403,0.8860799035965888
45,det,acsd,,0.6,10,10,2.326852977578604,0.04918577241259122,0.0029473153128468954,0.40042225286285826,5.201551770319538,0.8969417871709306,0.6974725993015605,0.8969417871709306
45,det,acsd,,0.6,10,20,2.2816527628118424,0.04882914865889585,0.002956543334370178,0.39500348695303583,5.111392974923765,0.8976921579532814,0.7224778550928141,0.8976921579532814
45,det,acsd,,0.6,10,50,2.337403544703638,0.048550088071778026,0.002973776927867503,0.3907110380211683,5.161292574556508,0.8844185205784205,0.6806511846743295,0.8844185205784205
45,det,acsd,,0.6,20,10,2.2812575009879708,0.04910998588508373,0.0029743337812134845,0.40543276503938963,5.282859188623255,0.9115735076010381,0.7444337510143113,0.9115735076010381
45,det,acsd,,0.6,20,20,2.3348206901465907,0.04911323931016074,0.002947243618202437,0.40309199050072425,5.15571910298687,0.8908020022246942,0.6760685589515281,0.8908020022246942
45,det,acsd,,0.6,20,50,2.3145650164400737,0.04862962263917764,0.0029383232555053305,0.3939993124748445,5.19788253612517,0.9014807193177604,0.7312514598585254,0.9014807193177604
45,det,acsd,,0.8,5,10,2.3824684786181725,0.0497896765656723,0.0029044305577908113,0.3915685977909691,3.111834051960953,0.8997249059801896,0.7278907416763529,0.8997249059801896
45,det,acsd,,0.8,5,20,2.4017471192723243,0.04965251524996446,0.0029010259300183837,0.3915685977909691,3.1073856287366675,0.8984345833995445,0.7265874827922149,0.8984345833995445
45,det,acsd,,0.8,5,50,2.4017471192723243,0.04965251524996446,0.0029010259300183837,0.3915685977909691,3.1073856287366675,0.8984345833995445,0.7265874827922149,0.8984345833995445
45,det,acsd,,0.8,10,10,2.400489828505384,0.04965251524996446,0.002902908871194854,0.3915685977909691,3.1128401741912133,0.8984345833995445,0.7265874827922149,0.8984345833995445
45,det,acsd,,0.8,10,20,2.400489828505384,0.04965251524996446,0.002902908871194854,0.3915685977909691,3.1128401741912133,0.8984345833995445,0.7265874827922149,0.8984345833995445
45,det,acsd,,0.8,10,50,2.400489828505384,0.04965251524996446,0.002902908871194854,0.3915685977909691,3.1128401741912133,0.8984345833995445,0.7265874827922149,0.8984345833995445
45,det,acsd,,0.8,20,10,2.400489828505384,0.04965251524996446,0.002902908871194854,0.3915685977909691,3.1128401741912133,0.8984345833995445,0.7265874827922149,0.8984345833995445
45,det,acsd,,0.8,20,20,2.400489828505384,0.04965251524996446,0.002902908871194854,0.3915685977909691,3.1128401741912133,0.8984345833995445,0.7265874827922149,0.8984345833995445
45,det,acsd,,0.8,20,50,2.400489828505384,0.04965251524996446,0.002902908871194854,0.3915685977909691,3.1128401741912133,0.8984345833995445,0.7265874827922149,0.8984345833995445
45,stoch,acsd,,0.2,5,10,1.7716518180086724,0.05005332453998072,0.004098967136341123,0.5364987458541994,6.079370710723147,0.8767614015572859,0.6690914198601845,0.8767614015572859
45,stoch,acsd,,0.2,5,20,1.7716518180086724,0.05005332453998072,0.004098967136341123,0.5364987458541994,6.079370710723147,0.8767614015572859,0.6690914198601845,0.8767614015572859
45,stoch,acsd,,0.2,5,50,1.7716518180086724,0.05005332453998072,0.004098967136341123,0.5364987458541994,6.079370710723147,0.8767614015572859,0.6690914198601845,0.8767614015572859
45,stoch,acsd,,0.2,10,10,1.7474111891464676,0.04906263787085134,0.00413541548429691,0.5406124988587592,6.131682327476444,0.8789858175750835,0.6878935107139279,0.8789858175750835
45,stoch,acsd,,0.2,10,20,1.7474111891464676,0.04906263787085134,0.00413541548429691,0.5406124988587592,6.131682327476444,0.8789858175750835,0.6878935107139279,0.8789858175750835
45,stoch,acsd,,0.2,10,50,1.7474111891464676,0.04906263787085134,0.00413541548429691,0.5406124988587592,6.131682327476444,0.8789858175750835,0.6878935107139279,0.8789858175750835
45,stoch,acsd,,0.2,20,10,1.7591322770609343,0.049096694077434784,0.00414475686296832,0.5467908420787688,6.188793747528401,0.8699174744425022,0.6676790319088584,0.8699174744425022
45,stoch,acsd,,0.2,20,20,1.7591322770609343,0.049096694077434784,0.00414475686296832,0.5467908420787688,6.188793747528401,0.8699174744425022,0.6676790319088584,0.8699174744425022
45,stoch,acsd,,0.2,20,50,1.7591322770609343,0.049096694077434784,0.00414475686296832,0.5467908420787688,6.188793747528401,0.8699174744425022,0.6676790319088584,0.8699174744425022
45,stoch,acsd,,0.4,5,10,1.9438026435153717,0.049497737690737044,0.0036553412605411146,0.49462311799006015,4.078534465011282,0.8575279940674824,0.6398994740995761,0.8575279940674824
45,stoch,acsd,,0.4,5,20,1.9465277221287622,0.0495203399461846,0.0036542204257950274,0.48881734321929016,4.041513364709986,0.866471979448064,0.6232477969354082,0.866471979448064
45,stoch,acsd,,0.4,5,50,1.9415497632283505,0.04951373146785485,0.0036722504568741906,0.49908835963920556,4.021256377676052,0.849241445521479,0.6070559443177727,0.849241445521479
45,stoch,acsd,,0.4,10,10,1.9547221437079003,0.049323506640206655,0.0036587984372423543,0.49849296211420585,4.098430660951267,0.867042110281265,0.6411670622280984,0.867042110281265
45,stoch,acsd,,0.4,10,20,1.9802815066924775,0.04933400251092903,0.00367549358572711,0.48958984710283177,4.045664765998638,0.8489562476826102,0.6006770978493525,0.8489562476826102
45,stoch,acsd,,0.4,10,50,1.9521067895830195,0.0495981993704517,0.0036561881716755933,0.49908835963920556,3.9739859808996956,0.8483173896922506,0.5975295276501957,0.8483173896922506
45,stoch,acsd,,0.4,20,10,1.975960484397387,0.04934880457165865,0.0036819625236842613,0.48592092778297413,4.075169153660474,0.8572908993531907,0.610616110195845,0.8572908993531907
45,stoch,acsd,,0.4,20,20,1.9871759328514196,0.04949834791009009,0.0036725093428597176,0.48958984710283177,4.042025647274225,0.8474670003707824,0.5939430498509904,0.8474670003707824
45,stoch,acsd,,0.4,20,50,1.9535409070550744,0.0495981993704517,0.0036542796451660515,0.49908835963920556,3.972246850464913,0.8483173896922506,0.5975295276501957,0.8483173896922506
45,stoch,acsd,,0.6,5,10,1.9350491886573673,0.049207809209711864,0.003700626576248829,0.503377973443266,2.4604049083349144,0.86962078235076,0.6493964960792674,0.86962078235076
45,stoch,acsd,,0.6,5,20,1.96238165095475,0.04954265119179865,0.003704572437378181,0.5007529059963293,2.458897368515666,0.8586080830552466,0.6087684139454942,0.8586080830552466
45,stoch,acsd,,0.6,5,50,1.979249871637252,0.04947889332440239,0.0036989283770282933,0.5040273430259105,2.3101225648922092,0.879563125695217,0.6752863702563188,0.879563125695217
45,stoch,acsd,,0.6,10,10,1.9643161524064632,0.04894221803901149,0.0036924540355152955,0.503377973443266,2.4503772608674415,0.8638191509084168,0.6299606180127781,0.8638191509084168
45,stoch,acsd,,0.6,10,20,1.9826301747189123,0.04921111547553667,0.003701284884596019,0.5007529059963293,2.4521892739676754,0.8591725991842789,0.6188539167389427,0.8591725991842789
45,stoch,acsd,,0.6,10,50,1.982368427319761,0.0498064609878567,0.003701600687217784,0.5047810858460573,2.3481164705721604,0.8798743047830924,0.67157106793141,0.8798743047830924
45,stoch,acsd,,0.6,20,10,1.9622183387102172,0.04892182647907581,0.003687288217926743,0.5030627382049905,2.4301722743716083,0.8707423062662216,0.6520448704989762,0.8707423062662216
45,stoch,acsd,,0.6,20,20,1.967200936544182,0.049243622849768263,0.0036923020158917052,0.5023227700020194,2.4684010406957646,0.8704394697812384,0.6535007641552828,0.8704394697812384
45,stoch,acsd,,0.6,20,50,1.9735988272246707,0.04970309335425041,0.0036998080501143933,0.5049239782184719,2.3433134186560243,0.8765597886540601,0.6736964438299586,0.8765597886540601
45,stoch,acsd,,0.8,5,10,1.987192661544178,0.04954673878137124,0.0036657405220342134,0.5013952464422413,2.257919996067816,0.8655632846019388,0.6332573034436683,0.8655632846019388
45,stoch,acsd,,0.8,5,20,1.987192661544178,0.04954673878137124,0.0036657405220342134,0.5013952464422413,2.257919996067816,0.8655632846019388,0.6332573034436683,0.8655632846019388
45,stoch,acsd,,0.8,5,50,1.987192661544178,0.04954673878137124,0.0036657405220342134,0.5013952464422413,2.257919996067816,0.8655632846019388,0.6332573034436683,0.8655632846019388
45,stoch,acsd,,0.8,10,10,1.987192661544178,0.04954673878137124,0.0036657405220342134,0.5013952464422413,2.257919996067816,0.8655632846019388,0.6332573034436683,0.8655632846019388
45,stoch,acsd,,0.8,10,20,1.987192661544178,0.04954673878137124,0.0036657405220342134,0.5013952464422413,2.257919996067816,0.8655632846019388,0.6332573034436683,0.8655632846019388
45,stoch,acsd,,0.8,10,50,1.987192661544178,0.04954673878137124,0.0036657405220342134,0.5013952464422413,2.257919996067816,0.8655632846019388,0.6332573034436683,0.8655632846019388
45,stoch,acsd,,0.8,20,10,1.987192661544178,0.04954673878137124,0.0036657405220342134,0.5013952464422413,2.257919996067816,0.8655632846019388,0.6332573034436683,0.8655632846019388
45,stoch,acsd,,0.8,20,20,1.987192661544178,0.04954673878137124,0.0036657405220342134,0.5013952464422413,2.257919996067816,0.8655632846019388,0.6332573034436683,0.8655632846019388
45,stoch,acsd,,0.8,20,50,1.987192661544178,0.04954673878137124,0.0036657405220342134,0.5013952464422413,2.257919996067816,0.8655632846019388,0.6332573034436683,0.8655632846019388
46,det,acsd,,0.2,5,10,2.154462774426266,0.049482301414971556,0.003262854197577287,0.44099959684325246,8.683220557220558,0.9119280682239526,0.7385304265920635,0.9119280682239526
46,det,acsd,,0.2,5,20,2.154462774426266,0.049482301414971556,0.003262854197577287,0.44099959684325246,8.683220557220558,0.9119280682239526,0.7385304265920635,0.9119280682239526
46,det,acsd,,0.2,5,50,2.154462774426266,0.049482301414971556,0.003262854197577287,0.44099959684325246,8.683220557220558,0.9119280682239526,0.7385304265920635,0.9119280682239526
46,det,acsd,,0.2,10,10,2.154462774426266,0.049482301414971556,0.003262854197577287,0.44099959684325246,8.683220557220558,0.9119280682239526,0.7385304265920635,0.9119280682239526
46,det,acsd,,0.2,10,20,2.154462774426266,0.049482301414971556,0.003262854197577287,0.44099959684325246,8.683220557220558,0.9119280682239526,0.7385304265920635,0.9119280682239526
46,det,acsd,,0.2,10,50,2.154462774426266,0.049482301414971556,0.003262854197577287,0.44099959684325246,8.683220557220558,0.9119280682239526,0.7385304265920635,0.9119280682239526
46,det,acsd,,0.2,20,10,2.154462774426266,0.049482301414971556,0.003262854197577287,0.44099959684325246,8.683220557220558,0.9119280682239526,0.7385304265920635,0.9119280682239526
46,det,acsd,,0.2,20,20,2.154462774426266,0.049482301414971556,0.003262854197577287,0.44099959684325246,8.683220557220558,0.9119280682239526,0.7385304265920635,0.9119280682239526
46,det,acsd,,0.2,20,50,2.154462774426266,0.049482301414971556,0.003262854197577287,0.44099959684325246,8.683220557220558,0.9119280682239526,0.7385304265920635,0.9119280682239526
46,det,acsd,,0.4,5,10,2.257970270920367,0.04915976753332977,0.003139780322306946,0.4154373123856954,7.60946694971695,0.9094737671486837,0.7440280681457396,0.9094737671486837
46,det,acsd,,0.4,5,20,2.257970270920367,0.04915976753332977,0.003139780322306946,0.4154373123856954,7.60946694971695,0.9094737671486837,0.7440280681457396,0.9094737671486837
46,det,acsd,,0.4,5,50,2.257970270920367,0.04915976753332977,0.003139780322306946,0.4154373123856954,7.60946694971695,0.9094737671486837,0.7440280681457396,0.9094737671486837
46,det,acsd,,0.4,10,10,2.215840651209059,0.04947457655316948,0.0031730278579480504,0.42105157061482856,7.7239263073527775,0.9134226918798666,0.757556890175092,0.9134226918798666
46,det,acsd,,0.4,10,20,2.215840651209059,0.04947457655316948,0.0031730278579480504,0.42105157061482856,7.7239263073527775,0.9134226918798666,0.757556890175092,0.9134226918798666
46,det,acsd,,0.4,10,50,2.215840651209059,0.04947457655316948,0.0031730278579480504,0.42105157061482856,7.7239263073527775,0.9134226918798666,0.757556890175092,0.9134226918798666
46,det,acsd,,0.4,20,10,2.2191721790724377,0.04950173964523599,0.0031616719456362386,0.4235851359739317,7.701295005647947,0.9127425843529849,0.747363641719035,0.9127425843529849
46,det,acsd,,0.4,20,20,2.2191721790724377,0.04950173964523599,0.0031616719456362386,0.4235851359739317,7.701295005647947,0.9127425843529849,0.747363641719035,0.9127425843529849
46,det,acsd,,0.4,20,50,2.2191721790724377,0.04950173964523599,0.0031616719456362386,0.4235851359739317,7.701295005647947,0.9127425843529849,0.747363641719035,0.9127425843529849
46,det,acsd,,0.6,5,10,2.3233272485662244,0.04941314766401741,0.0029122986913504884,0.4056618508792155,5.2309662605764435,0.9111192065257694,0.7410683550590679,0.9111192065257694
46,det,acsd,,0.6,5,20,2.3880804598409164,0.04914185074055955,0.002949111516099947,0.40596218023008424,5.050261387680286,0.9160358731924362,0.7327435369897072,0.9160358731924362
46,det,acsd,,0.6,5,50,2.383684122771298,0.0497767625126221,0.0029569931187424666,0.39763003842832334,5.14266715804983,0.9082607526881721,0.7512445192523411,0.9082607526881721
46,det,acsd,,0.6,10,10,2.3022549928609513,0.04969460296864637,0.0029200172886831564,0.4036465546726768,5.217935144550122,0.8936466856177647,0.6947584629724054,0.8936466856177647
46,det,acsd,,0.6,10,20,2.33206767645876,0.04926440073417131,0.002899611375157215,0.39762820985743275,5.242209472482738,0.8990376079241486,0.6957197140360006,0.8990376079241486
46,det,acsd,,0.6,10,50,2.387665906023087,0.04990607866148127,0.0029604857867776206,0.40451899003832437,5.132530794413467,0.9068440860215055,0.7474665227633452,0.9068440860215055
46,det,acsd,,0.6,20,10,2.3237514108756074,0.050046786552851864,0.0029063591269287937,0.39530946759252605,5.180256574275692,0.9054938953334393,0.7256478209409357,0.9054938953334393
46,det,acsd,,0.6,20,20,2.3450084950544716,0.04941263426000479,0.002917700977257049,0.3986118210318181,5.216749787009479,0.9005005296890727,0.7143124943725199,0.9005005296890727
46,det,acsd,,0.6,20,50,2.3921167249136035,0.04978000960144108,0.002958553429083345,0.39922460352523487,5.13302799329302,0.9070107526881721,0.7502781916729302,0.9070107526881721
46,det,acsd,,0.8,5,10,2.353385772059611,0.04933806215578141,0.0029135858334045413,0.39900622081529963,3.0650803049940887,0.9093494623655914,0.7357141615085473,0.9093494623655914
46,det,acsd,,0.8,5,20,2.353385772059611,0.04933806215578141,0.0029135858334045413,0.39900622081529963,3.0650803049940887,0.9093494623655914,0.7357141615085473,0.9093494623655914
46,det,acsd,,0.8,5,50,2.353385772059611,0.04933806215578141,0.0029135858334045413,0.39900622081529963,3.0650803049940887,0.9093494623655914,0.7357141615085473,0.9093494623655914
46,det,acsd,,0.8,10,10,2.353385772059611,0.04933806215578141,0.0029135858334045413,0.39900622081529963,3.0650803049940887,0.9093494623655914,0.7357141615085473,0.9093494623655914
46,det,acsd,,0.8,10,20,2.353385772059611,0.04933806215578141,0.0029135858334045413,0.39900622081529963,3.0650803049940887,0.9093494623655914,0.7357141615085473,0.9093494623655914
46,det,acsd,,0.8,10,50,2.353385772059611,0.04933806215578141,0.0029135858334045413,0.39900622081529963,3.0650803049940887,0.9093494623655914,0.7357141615085473,0.9093494623655914
46,det,acsd,,0.8,20,10,2.353385772059611,0.04933806215578141,0.0029135858334045413,0.39900622081529963,3.0650803049940887,0.9093494623655914,0.7357141615085473,0.9093494623655914
46,det,acsd,,0.8,20,20,2.353385772059611,0.04933806215578141,0.0029135858334045413,0.39900622081529963,3.0650803049940887,0.9093494623655914,0.7357141615085473,0.9093494623655914
46,det,acsd,,0.8,20,50,2.353385772059611,0.04933806215578141,0.0029135858334045413,0.39900622081529963,3.0650803049940887,0.9093494623655914,0.7357141615085473,0.9093494623655914
46,stoch,acsd,,0.2,5,10,1.7574282428140964,0.049296190875728035,0.004123964759312166,0.5483134810796273,6.050099438470775,0.8446025345622119,0.5738529162176832,0.8446025345622119
46,stoch,acsd,,0.2,5,20,1.7574282428140964,0.049296190875728035,0.004123964759312166,0.5483134810796273,6.050099438470775,0.8446025345622119,0.5738529162176832,0.8446025345622119
46,stoch,acsd,,0.2,5,50,1.7574282428140964,0.049296190875728035,0.004123964759312166,0.5483134810796273,6.050099438470775,0.8446025345622119,0.5738529162176832,0.8446025345622119
46,stoch,acsd,,0.2,10,10,1.7786391122759766,0.04966975090477467,0.0041041226867717055,0.5466855995699585,6.128952357669849,0.8782911568409344,0.6585897476325706,0.8782911568409344
46,stoch,acsd,,0.2,10,20,1.7786391122759766,0.04966975090477467,0.0041041226867717055,0.5466855995699585,6.128952357669849,0.8782911568409344,0.6585897476325706,0.8782911568409344
46,stoch,acsd,,0.2,10,50,1.7786391122759766,0.04966975090477467,0.0041041226867717055,0.5466855995699585,6.128952357669849,0.8782911568409344,0.6585897476325706,0.8782911568409344
46,stoch,acsd,,0.2,20,10,1.7733594927046614,0.04966975090477467,0.004115886874454388,0.5529189725961375,6.140881057624865,0.8782911568409344,0.6585897476325706,0.8782911568409344
46,stoch,acsd,,0.2,20,20,1.7733594927046614,0.04966975090477467,0.004115886874454388,0.5529189725961375,6.140881057624865,0.8782911568409344,0.6585897476325706,0.8782911568409344
46,stoch,acsd,,0.2,20,50,1.7733594927046614,0.04966975090477467,0.004115886874454388,0.5529189725961375,6.140881057624865,0.8782911568409344,0.6585897476325706,0.8782911568409344
46,stoch,acsd,,0.4,5,10,2.0015396508747654,0.04914138796716709,0.003647716498991338,0.5088612072314275,4.0968422274207015,0.8667878609978164,0.6491786359823561,0.8667878609978164
46,stoch,acsd,,0.4,5,20,1.9736160597403605,0.04984300484351803,0.003646072657039361,0.5013263235069805,4.054910259839197,0.8778019624980137,0.6472800026733839,0.8778019624980137
46,stoch,acsd,,0.4,5,50,1.9631784545395308,0.049476361062923455,0.0036443494873648484,0.4972230423684159,3.854587102665833,0.8874499443826473,0.6736756843951767,0.8874499443826473
46,stoch,acsd,,0.4,10,10,1.9244011939020365,0.049178369061189636,0.0036525797960576213,0.5088817550424668,4.160987966837119,0.8722276603633666,0.6568723703230503,0.8722276603633666
46,stoch,acsd,,0.4,10,20,1.9637770519521176,0.04937296948992165,0.003652627909105874,0.5041793964005304,4.016698938830961,0.8800939933259176,0.6734998001706518,0.8800939933259176
46,stoch,acsd,,0.4,10,50,1.9519284134871935,0.04983750619489597,0.003670851261791716,0.494271333204989,3.9035999615712456,0.8805897028444302,0.6744842434512174,0.8805897028444302
46,stoch,acsd,,0.4,20,10,1.927868704067131,0.049364827269250365,0.0036797473322037603,0.5156749565670584,4.1552833666557385,0.8732599184278826,0.6571968935486145,0.8732599184278826
46,stoch,acsd,,0.4,20,20,1.9319402198943862,0.04885402950547171,0.0036648401533014457,0.5132714998400798,4.000823716780372,0.8722589649875523,0.6404600811217633,0.8722589649875523
46,stoch,acsd,,0.4,20,50,1.959987820834374,0.049632287571983576,0.0036613367034515317,0.5062080054802964,3.8778085353180773,0.8790393956247682,0.6614305505819864,0.8790393956247682
46,stoch,acsd,,0.6,5,10,1.9725977672468533,0.04950344292771883,0.003672464336068816,0.49929208339714665,2.432309565936701,0.8810566502463055,0.6576631006618624,0.8810566502463055
46,stoch,acsd,,0.6,5,20,1.9528766533128934,0.049843886001116874,0.003682320663567388,0.4989778244308712,2.380006224288435,0.8639597436304889,0.6252530639683966,0.8639597436304889
46,stoch,acsd,,0.6,5,50,1.9209214191875517,0.049989546678570244,0.003689392816900827,0.5030183721969748,2.3615956413138677,0.8819757799671595,0.6552326162743869,0.8819757799671595
46,stoch,acsd,,0.6,10,10,1.930462418929486,0.05004023462087861,0.00368597538161956,0.5028902560425134,2.3817763962314644,0.8795349197521054,0.6435001170562465,0.8795349197521054
46,stoch,acsd,,0.6,10,20,1.930462418929486,0.05004023462087861,0.00368597538161956,0.5028902560425134,2.3817763962314644,0.8795349197521054,0.6435001170562465,0.8795349197521054
46,stoch,acsd,,0.6,10,50,1.9209214191875517,0.049989546678570244,0.003689392816900827,0.5030183721969748,2.3615956413138677,0.8819757799671595,0.6552326162743869,0.8819757799671595
46,stoch,acsd,,0.6,20,10,1.9209214191875517,0.049989546678570244,0.003689392816900827,0.5030183721969748,2.3615956413138677,0.8819757799671595,0.6552326162743869,0.8819757799671595
46,stoch,acsd,,0.6,20,20,1.9209214191875517,0.049989546678570244,0.003689392816900827,0.5030183721969748,2.3615956413138677,0.8819757799671595,0.6552326162743869,0.8819757799671595
46,stoch,acsd,,0.6,20,50,1.9209214191875517,0.049989546678570244,0.003689392816900827,0.5030183721969748,2.3615956413138677,0.8819757799671595,0.6552326162743869,0.8819757799671595
46,stoch,acsd,,0.8,5,10,1.9317936173544452,0.04926060568720809,0.003678202721635782,0.502698316733549,2.2485420752212932,0.8756542454579161,0.6518654818143689,0.8756542454579161
46,stoch,acsd,,0.8,5,20,1.9317936173544452,0.04926060568720809,0.003678202721635782,0.502698316733549,2.2485420752212932,0.8756542454579161,0.6518654818143689,0.8756542454579161
46,stoch,acsd,,0.8,5,50,1.9317936173544452,0.04926060568720809,0.003678202721635782,0.502698316733549,2.2485420752212932,0.8756542454579161,0.6518654818143689,0.8756542454579161
46,stoch,acsd,,0.8,10,10,1.9317936173544452,0.04926060568720809,0.003678202721635782,0.502698316733549,2.2485420752212932,0.8756542454579161,0.6518654818143689,0.8756542454579161
46,stoch,acsd,,0.8,10,20,1.9317936173544452,0.04926060568720809,0.003678202721635782,0.502698316733549,2.2485420752212932,0.8756542454579161,0.6518654818143689,0.8756542454579161
46,stoch,acsd,,0.8,10,50,1.9317936173544452,0.04926060568720809,0.003678202721635782,0.502698316733549,2.2485420752212932,0.8756542454579161,0.6518654818143689,0.8756542454579161
46,stoch,acsd,,0.8,20,10,1.9317936173544452,0.04926060568720809,0.003678202721635782,0.502698316733549,2.2485420752212932,0.8756542454579161,0.6518654818143689,0.8756542454579161
46,stoch,acsd,,0.8,20,20,1.9317936173544452,0.04926060568720809,0.003678202721635782,0.502698316733549,2.2485420752212932,0.8756542454579161,0.6518654818143689,0.8756542454579161
46,stoch,acsd,,0.8,20,50,1.9317936173544452,0.04926060568720809,0.003678202721635782,0.502698316733549,2.2485420752212932,0.8756542454579161,0.6518654818143689,0.8756542454579161
