arrival_rate_rps,trial,policy,n_requests,mean_latency_s,p50_latency_s,p90_latency_s,mean_wait_s,p90_wait_s,mean_batch_size,mean_hetero_penalty,throughput_rps
0.2,0,fifo_mixed_window,300,5.218209270162955,5.2367499964347815,9.661400988631751,1.4747059965048372,4.608917701083624,1.5,1.0244737075044812,0.1967146125251631
0.2,0,lane_split_window,300,5.254594110553499,5.2367499964347815,9.749544520529403,1.794458693193704,5.700280323086408,1.3666666666666667,1.0154207377319369,0.1967146125251631
0.2,0,length_similarity_window,300,5.334550888829066,5.30466803959121,9.958699999999917,1.9349034511198488,5.737832682657415,1.2466666666666666,1.004720490212676,0.1967146125251631
0.2,0,full_rules_continuous,300,5.3554828789050575,5.30466803959121,9.816362606751618,2.006935341984407,5.8527563455381495,1.2133333333333334,1.003789562053229,0.1967146125251631
0.2,1,fifo_mixed_window,300,4.9591432486996005,4.851599999999991,9.60571250165639,1.3003623247730596,4.330114233864654,1.4533333333333334,1.0237751303394949,0.19960864986015403
0.2,1,lane_split_window,300,4.998055735017651,4.773989503633743,10.197139007860285,1.557031677821091,4.869906189698092,1.3266666666666667,1.0134341895102381,0.19960864986015403
0.2,1,length_similarity_window,300,5.13882868282303,4.99394683374328,10.237911039833609,1.7937823687239556,5.2770782483548855,1.1866666666666668,1.0022752826877528,0.19960864986015403
0.2,1,full_rules_continuous,300,5.263599306809915,5.063653085751682,10.692721089313137,1.9177843996077737,5.597832756645142,1.18,1.0022799891087464,0.19947709261408322
0.2,2,fifo_mixed_window,300,5.676712369648468,5.621886908537476,10.955404423403817,1.6591649355619615,4.927690464209053,1.7466666666666666,1.0339476139946862,0.19291860978836772
0.2,2,lane_split_window,300,5.87901574713656,5.524600000000007,11.702925568987919,2.3666663105771755,7.292554432401644,1.5266666666666666,1.0193318978356487,0.19275763453678119
0.2,2,length_similarity_window,300,6.059664959216893,5.827301438082017,11.827948006450834,2.607233398582131,8.151061970574426,1.2866666666666666,1.0047843144052369,0.1927252220137793
0.2,2,full_rules_continuous,300,6.201896204734078,5.747887407265566,12.181867527360925,2.80799688342593,8.412848674316542,1.26,1.003892967491457,0.19272955613587703
0.2,3,fifo_mixed_window,300,5.061890528390943,5.141728057358279,10.170375171221819,1.4246838318400157,4.645191062068114,1.54,1.0289634849053206,0.21344784718785542
0.2,3,lane_split_window,300,5.136668146693401,5.083765475597403,9.961051000373722,1.9030110024886218,5.4126949685284895,1.3933333333333333,1.0186143676168582,0.21344784718785542
0.2,3,length_similarity_window,300,5.268575910613298,5.182999999999993,10.296445658899643,2.0982868054775587,5.757291628697886,1.2066666666666668,1.003689856408364,0.21344784718785542
0.2,3,full_rules_continuous,300,5.447092269114254,5.381435594039203,10.8419761606486,2.334955538922984,5.994010864284134,1.1866666666666668,1.0030042495105624,0.21344784718785542
0.2,4,fifo_mixed_window,300,5.532710239310821,5.324378773470073,10.60801763411264,1.5702836109372376,4.956068668902674,1.6066666666666667,1.0412284946501993,0.2131154544849006
0.2,4,lane_split_window,300,5.450491716318999,4.814914876036141,11.211685731950945,2.176704760137863,6.438055958317591,1.4133333333333333,1.021159309042304,0.2131154544849006
0.2,4,length_similarity_window,300,5.5767572854866545,5.20171114028085,11.296852262323341,2.355226439291259,6.779934083462991,1.22,1.004479890555895,0.2131154544849006
0.2,4,full_rules_continuous,300,5.640433837278608,5.20171114028085,11.449901446239155,2.4719592716451357,7.744528284230589,1.2266666666666666,1.0037674660104472,0.2131154544849006
0.2,5,fifo_mixed_window,300,4.806928571991438,4.478199999999994,8.976652853106238,1.35110405313873,4.397999502701481,1.4866666666666666,1.0277143613921766,0.20263851631417315
0.2,5,lane_split_window,300,4.773058119189498,4.2829385213579485,8.806629782350722,1.5554974946376732,4.93374031066295,1.3466666666666667,1.0190507438542957,0.20279601957686358
0.2,5,length_similarity_window,300,4.811091613795515,4.106940870556571,9.111327376955082,1.7010136117298738,5.186994922885351,1.18,1.0034822539570598,0.20230606671599338
0.2,5,full_rules_continuous,300,4.8942003869030275,4.106940870556571,9.328683707051692,1.798085320766249,5.341136776765939,1.16,1.003091733554963,0.2028039172116168
0.2,6,fifo_mixed_window,300,5.408497833020735,5.524600000000021,10.252279284458348,1.4994903141236382,4.70127549299461,1.6066666666666667,1.041696399103425,0.21981876215918036
0.2,6,lane_split_window,300,5.246673622262604,5.1562535413437445,9.996155991641002,1.8389081067154824,5.291469786459846,1.3733333333333333,1.0177566798006197,0.2193712057462735
0.2,6,length_similarity_window,300,5.420957219843137,5.524600000000021,10.290924938486024,2.140091326124144,5.77451210926677,1.1933333333333334,1.0034783887629632,0.2193712057462735
0.2,6,full_rules_continuous,300,5.456994509240553,5.524600000000021,10.293010752674187,2.1878663557326474,5.7375717656688074,1.1866666666666668,1.0030438209371462,0.2193712057462735
0.2,7,fifo_mixed_window,300,4.949605800322939,4.478200000000015,9.91028352653392,1.3302776425217762,4.059515774174808,1.5533333333333332,1.0276663177513947,0.19488966412114722
0.2,7,lane_split_window,300,4.948740928688995,4.478199999999994,9.880661761183275,1.6722691688907871,5.3384384994665455,1.4,1.01715932761073,0.19488966412114722
0.2,7,length_similarity_window,300,5.074166652188506,4.5195399406901515,9.966358952606365,1.9189644417466643,5.485213689506862,1.24,1.0030331564695663,0.19488966412114722
0.2,7,full_rules_continuous,300,5.08474103746333,4.5195399406901515,9.966358952606365,1.9424984037410673,5.527921375480222,1.2333333333333334,1.002937918374328,0.19488966412114722
0.2,8,fifo_mixed_window,300,5.43542677381495,5.524599999999964,10.630698084178869,1.5421953226297176,4.983907577782421,1.68,1.0393967662649186,0.19313731008372462
0.2,8,lane_split_window,300,5.223489925627092,4.7707000000000335,10.531680555520145,1.9469446226733857,5.960580072714693,1.4533333333333334,1.019619722119438,0.19287437186906436
0.2,8,length_similarity_window,300,5.553543461608044,5.436157892105939,11.089368111748241,2.2938536327601144,6.61072383236616,1.28,1.0045484688738229,0.19259528750173052
0.2,8,full_rules_continuous,300,5.56791618109721,5.3684226608008885,11.336086521612746,2.3802006533394082,6.816776552229655,1.2666666666666666,1.0039582815812456,0.19259528750173052
0.2,9,fifo_mixed_window,300,4.348478920735899,4.033126421944019,8.801213096175658,1.0381937687175853,3.749043984039881,1.3466666666666667,1.0221826852910356,0.1820300244916165
0.2,9,lane_split_window,300,4.5550779515566955,4.041700000000006,9.332735950588111,1.5455544262604837,5.482785386270774,1.34,1.0132214808871054,0.1820300244916165
0.2,9,length_similarity_window,300,4.537695065299318,4.041700000000006,9.221260852650506,1.592712291546904,5.4931969105909815,1.1266666666666667,1.0024294926608817,0.1820300244916165
0.2,9,full_rules_continuous,300,4.682156881662437,4.206594312118398,9.958700000000022,1.749495905494626,6.042407812245489,1.1266666666666667,1.0020657186516204,0.1820300244916165
0.2,10,fifo_mixed_window,300,4.8811419725178045,4.7707000000000335,9.959445194666865,1.3967848396602438,4.631027523719355,1.4466666666666668,1.027381463814698,0.18055518361588024
0.2,10,lane_split_window,300,4.869148058441493,4.569621928705203,9.999119252419847,1.7133392401708882,5.533819573888061,1.32,1.0172495360384082,0.18055518361588024
0.2,10,length_similarity_window,300,4.910206246409224,4.611820810981271,10.214552158455767,1.8842950804512828,5.741236060215227,1.1333333333333333,1.0028404814499645,0.18055518361588024
0.2,10,full_rules_continuous,300,5.060936939682516,4.7707000000000335,10.389383826953521,2.0525343101214233,6.312873896464111,1.12,1.0023373751686822,0.18055518361588024
0.2,11,fifo_mixed_window,300,5.2056507855683485,5.0710695357441296,10.098329366476907,1.459492368316255,4.915495859447583,1.6,1.0342296002341065,0.20983709599521164
0.2,11,lane_split_window,300,5.048620370356777,4.639193564572338,10.076442737639592,1.7984331830295048,5.599607673409937,1.4066666666666667,1.0175058317776666,0.20983709599521164
0.2,11,length_similarity_window,300,5.33254644237854,5.0710695357441296,10.240855689855609,2.145891234020138,6.303877623481389,1.2466666666666666,1.003847868472287,0.20983709599521164
0.2,11,full_rules_continuous,300,5.383854437488958,5.091256581197399,10.309490807698516,2.2192037266921845,6.466865474702433,1.2333333333333334,1.003610374844409,0.20983709599521164
0.2,12,fifo_mixed_window,300,6.0471521193092315,6.069548517626089,11.048167766635709,1.884372929742632,5.30328185445327,1.86,1.0475381958307273,0.24747579024464428
0.2,12,lane_split_window,300,5.848269009732484,5.559598865803984,11.22074880602301,2.357762896580132,6.148648116245937,1.5933333333333333,1.0289683867678314,0.2470254692784997
0.2,12,length_similarity_window,300,6.015598648585321,5.905991895571525,11.042614748996746,2.6474093463289745,6.9052530738004645,1.3266666666666667,1.0054070347654163,0.2468931383313348
0.2,12,full_rules_continuous,300,6.1286802736733295,5.971941895571561,11.692022320021474,2.7907901015381076,7.067161922323876,1.32,1.0048119019418986,0.2468931383313348
0.2,13,fifo_mixed_window,300,5.022147045685089,5.183,9.709500234371374,1.4686931707537976,4.5033110605005975,1.5733333333333333,1.029338163361942,0.20729773161123138
0.2,13,lane_split_window,300,5.087250018438797,4.866275504232021,9.409195288333956,1.8738225785058804,5.7468351876646535,1.4066666666666667,1.018040870989019,0.20729773161123138
0.2,13,length_similarity_window,300,5.27127629936647,4.96873998336423,10.635204555946101,2.1579639567223006,6.52042553563792,1.2533333333333334,1.004337173909291,0.20729773161123138
0.2,13,full_rules_continuous,300,5.363670452627116,5.1701149538497475,10.635204555946101,2.2758062894427877,7.016495225641582,1.24,1.0040704238497689,0.20729773161123138
0.2,14,fifo_mixed_window,300,5.045281656009914,4.770700000000019,9.997933675173478,1.3374411043217875,4.122712429763488,1.6266666666666667,1.0311195276670386,0.1936859102588816
0.2,14,lane_split_window,300,5.076888518084875,4.527391193349658,10.27917904247915,1.7401043824052969,5.888014254527028,1.4533333333333334,1.0162588978147047,0.1936859102588816
0.2,14,length_similarity_window,300,5.2694960766911585,4.7707000000000335,10.381527909265053,1.9522493478693377,6.189159796051895,1.2866666666666666,1.003783230600003,0.1936859102588816
0.2,14,full_rules_continuous,300,5.387647772660348,4.7707000000000335,10.925205479672446,2.109268804431185,6.293679957619213,1.26,1.0034189108137381,0.1936859102588816
0.2,15,fifo_mixed_window,300,5.1314735350581895,4.9669339962023855,9.973503789035284,1.50170482252951,4.605667670875437,1.5666666666666667,1.0343289199574335,0.22346790360038235
0.2,15,lane_split_window,300,5.1483106079911645,4.7707000000000335,10.221121370320114,1.9759655270519443,6.172462966750983,1.46,1.0191659016383603,0.22346790360038235
0.2,15,length_similarity_window,300,5.267617445224669,4.8949377066289514,10.553897368916923,2.1834933698444807,6.4654417443589995,1.2866666666666666,1.0047557097404283,0.22346790360038235
0.2,15,full_rules_continuous,300,5.343110154718401,4.8433138514092775,11.11789488181828,2.2981210210883543,6.875626735649498,1.24,1.0037678584300902,0.22346790360038235
0.2,16,fifo_mixed_window,300,5.044614183340024,5.176134849916025,9.949073436273535,1.3546016865886545,4.761481919815578,1.74,1.0334493532029703,0.20528061490581698
0.2,16,lane_split_window,300,5.394852780699623,4.785196808262572,11.500670967918362,2.171805958772259,7.368330670872087,1.4933333333333334,1.0219721596501499,0.20517918308482608
0.2,16,length_similarity_window,300,5.537791895316542,5.5222488079137975,11.557847532564246,2.368688852867979,7.772577079097252,1.3266666666666667,1.0046646190196944,0.20517918308482608
0.2,16,full_rules_continuous,300,5.846593046126712,5.563539437023724,12.036065401033024,2.759714253119865,8.613284253640398,1.24,1.0033628486075918,0.20517918308482608
0.2,17,fifo_mixed_window,300,5.738063650189968,5.524599999999992,11.749119912061158,1.6268338222400727,5.01871394726481,1.6933333333333334,1.033504797560617,0.18517760495155053
0.2,17,lane_split_window,300,5.7159290186927025,5.452645610111148,11.446059423344115,2.113237660866988,6.372905187846789,1.4133333333333333,1.0189316825186843,0.18517760495155053
0.2,17,length_similarity_window,300,5.8524456284223865,5.462223137494789,11.478616972895702,2.2806924827333632,6.738611339965009,1.2866666666666666,1.0048360371753051,0.18517760495155053
0.2,17,full_rules_continuous,300,6.061858222443343,5.630346491964104,12.22722164638059,2.60475151337671,7.331884649750341,1.2466666666666666,1.0039768892594512,0.18517760495155053
0.2,18,fifo_mixed_window,300,5.104228609680438,4.924247315542061,9.995361249699174,1.3753602496011317,4.672461528214833,1.62,1.0306244765198773,0.19371373516368487
0.2,18,lane_split_window,300,5.349748779532983,4.816454622766926,10.924194191456037,1.9812228249455526,6.148180211176307,1.44,1.020053612740769,0.1933566752391914
0.2,18,length_similarity_window,300,5.295693968828652,4.816539427425951,10.594619581357223,2.030849136288132,6.045464585432128,1.3133333333333332,1.0045182807810185,0.1933566752391914
0.2,18,full_rules_continuous,300,5.466481045029742,4.8519325662806665,11.183577605876216,2.237012616826458,7.171535980977891,1.2666666666666666,1.0039148326915335,0.1933566752391914
0.2,19,fifo_mixed_window,300,5.929272650031156,6.129788234562767,11.069405405636246,1.6649433801531675,4.793149925664269,1.8133333333333332,1.0373919738579673,0.2071146142834122
0.2,19,lane_split_window,300,5.933288256709987,5.879006817615533,11.027749769512559,2.3487293386761574,6.782869914203156,1.4866666666666666,1.019866923223285,0.2071146142834122
0.2,19,length_similarity_window,300,6.028665007138695,6.192668523597376,11.248715828684784,2.4579265115811997,6.818156251405412,1.2933333333333332,1.0048563744117416,0.2071146142834122
0.2,19,full_rules_continuous,300,6.146374630015282,6.229986674215695,11.38257904338393,2.657344605551551,7.342410423566867,1.2466666666666666,1.003744266007615,0.2071146142834122
0.2,20,fifo_mixed_window,300,5.387077937152914,5.04939237571854,10.432146182897645,1.4256292847688121,4.512707958919844,1.5466666666666666,1.0299700747988039,0.19576787821920658
0.2,20,lane_split_window,300,5.234645324518699,4.7838815567639585,10.570080160050843,1.7832975478613344,5.467928065744131,1.4333333333333333,1.0151529332766076,0.19576787821920658
0.2,20,length_similarity_window,300,5.387127338343272,4.959715579893981,10.83284180830249,2.001978006698826,6.100493440717616,1.24,1.0033333870417578,0.19576787821920658
0.2,20,full_rules_continuous,300,5.395254800289634,4.959715579893981,10.837332264529167,2.0243746192818066,6.100493440717616,1.2333333333333334,1.0031452215874113,0.19576787821920658
0.2,21,fifo_mixed_window,300,4.813382091499396,4.478200000000015,9.637376068717643,1.2504395791667142,4.382532286669108,1.42,1.0286343392067103,0.2089059623917668
0.2,21,lane_split_window,300,4.782799732480417,4.333073494220997,9.89267698478119,1.664818788906908,5.623824815480652,1.2533333333333334,1.0128575791439933,0.2089059623917668
0.2,21,length_similarity_window,300,4.781899551069882,4.3971267888767045,9.89267698478119,1.7001380407267728,5.552594559249264,1.16,1.0031297733525064,0.2089059623917668
0.2,21,full_rules_continuous,300,4.938472545586155,4.496167229985531,9.959258698901028,1.9228515424374568,6.284894195069628,1.1266666666666667,1.0023412008532535,0.2089059623917668
0.2,22,fifo_mixed_window,300,5.565570620177173,5.307951446435993,11.099310834973766,1.5997330512266212,4.842004103262333,1.6066666666666667,1.0310688873636766,0.19565987711199478
0.2,22,lane_split_window,300,5.696414805764244,5.375205053088564,11.226535303941183,2.1079932787534252,6.405501130477002,1.46,1.0216184503687105,0.19565987711199478
0.2,22,length_similarity_window,300,5.6379875319718895,5.524599999999964,11.12016804112331,2.2283061834805933,6.467745114081817,1.3333333333333333,1.0044741288429722,0.19565987711199478
0.2,22,full_rules_continuous,300,5.745773757385026,5.526749063130296,11.169201002009487,2.3485916677542864,6.609584455727314,1.3,1.0041222656958704,0.19565987711199478
0.2,23,fifo_mixed_window,300,4.8805223793703245,4.624589072463408,9.439817227514167,1.441563962442262,4.3768391389856625,1.5466666666666666,1.0308298154172466,0.20883631157949725
0.2,23,lane_split_window,300,5.052224880431321,4.755953155232703,9.87562432874221,1.8994165399876366,5.575669135342665,1.5533333333333332,1.0226312850205053,0.20883631157949725
0.2,23,length_similarity_window,300,5.020581797092656,4.7707000000000335,9.648242413685512,1.9642338216145587,5.68482876934101,1.2866666666666666,1.0052057453247363,0.20883631157949725
0.2,23,full_rules_continuous,300,5.165732923340311,4.902174571596049,9.87562432874221,2.1485037453363693,5.906019226814452,1.26,1.00451487487862,0.20883631157949725
0.2,24,fifo_mixed_window,300,4.643394587082554,4.478200000000015,8.614279625510564,1.1810596651502612,4.37331582370623,1.48,1.0248244570499432,0.21307233897101216
0.2,24,lane_split_window,300,4.638894938720427,4.253248474833072,9.024096224622589,1.4623841376177809,4.901890573590594,1.3333333333333333,1.014804606855205,0.21307233897101216
0.2,24,length_similarity_window,300,4.807738933583664,4.551394031638608,9.024096224622589,1.64322051889189,5.046214947484578,1.2533333333333334,1.0042093873789744,0.21307233897101216
0.2,24,full_rules_continuous,300,4.790409885784938,4.478200000000015,9.070515800209465,1.6754561241827064,5.241098684728879,1.2,1.0030465190628404,0.21307233897101216
0.35,0,fifo_mixed_window,300,5.8626847490903815,5.484019143803039,10.812248369995626,1.9703839231480083,5.3233978415976395,2.513333333333333,1.0609246817351854,0.3533899039034442
0.35,0,lane_split_window,300,5.997396774072924,5.2848336788512995,11.910563730020433,2.7462014363662863,7.305056597532786,2.3133333333333335,1.0389364282436089,0.3521138409706981
0.35,0,length_similarity_window,300,6.494469704858428,5.838099999999969,11.939457787632536,3.4098130726099813,8.505431800244315,1.7466666666666666,1.0096412439922302,0.3533899039034442
0.35,0,full_rules_continuous,300,6.631072936395157,5.911495165612159,12.629820800261683,3.6476157107319036,8.676102146557676,1.7066666666666668,1.0088117665849416,0.3521138409706981
0.35,1,fifo_mixed_window,300,6.699408256234527,6.833624021360414,11.401046613944448,2.1643412109317888,5.235927808350773,2.54,1.0643386475371766,0.3425003604320919
0.35,1,lane_split_window,300,6.8721738483868,6.751573867443156,12.287124601763775,3.2852660782869916,8.034395312215542,2.2266666666666666,1.0396553072086123,0.3417318143304673
0.35,1,length_similarity_window,300,7.302428496891607,7.396989772152494,13.003658901615657,3.8010483686591185,9.285111728720334,1.6533333333333333,1.0098481255413603,0.3415187954766632
0.35,1,full_rules_continuous,300,7.5789486116340985,7.488547407655432,13.34942769712523,4.2053802587262865,10.048167851745198,1.58,1.0081871464349093,0.3414745985026208
0.35,2,fifo_mixed_window,300,6.281350233319736,6.3768636469872035,10.584833533795962,2.110232041000156,5.08576931440391,2.3066666666666666,1.0639500724065485,0.3446705248919434
0.35,2,lane_split_window,300,6.249933668462673,6.0479857770352865,11.451158302217078,2.9037054616745053,6.803897290670728,2.16,1.0442252788167077,0.3429079632337744
0.35,2,length_similarity_window,300,6.36891532592029,5.987069801003699,12.332967983402774,3.203697086834512,8.031888046931666,1.6266666666666667,1.0101081228633992,0.34151281086609353
0.35,2,full_rules_continuous,300,6.721206919173483,6.342635151197705,12.12119465381669,3.6564839899610617,8.599376847563656,1.5933333333333333,1.0086902494165375,0.34151281086609353
0.35,3,fifo_mixed_window,300,6.1597550921063124,6.11317817773039,10.78217256970498,2.0562414827559934,5.370519719841728,2.44,1.0592760085809385,0.3686678236547222
0.35,3,lane_split_window,300,6.47603573285361,5.9003461985405,12.001632146664155,2.96753313115098,7.127434129339812,2.2866666666666666,1.0439738389188884,0.3686678236547222
0.35,3,length_similarity_window,300,7.1380331563238455,6.661165782114281,12.742569733560138,3.926617408195983,9.213254286493752,1.7,1.0107729946637658,0.36786409103864043
0.35,3,full_rules_continuous,300,7.241010368577551,6.4639503599887576,13.245439695868283,4.076448278327234,9.582556523618333,1.66,1.0102414061224037,0.36856324153364867
0.35,4,fifo_mixed_window,300,7.485215036910515,7.428416528707459,12.35666500136839,2.429427662183913,6.0948400415547725,2.7333333333333334,1.0745102757373077,0.34540854971730645
0.35,4,lane_split_window,300,7.369471564675819,7.2488666592207665,12.568561757163025,3.427853608385796,8.046318731988329,2.4266666666666667,1.0420564707544688,0.34608152517260643
0.35,4,length_similarity_window,300,7.665127732587272,7.4910061795508085,12.909246872259839,3.964809668159514,9.056703795277521,1.74,1.0107437592914663,0.3448021558044277
0.35,4,full_rules_continuous,300,7.65637816617733,7.3076681981653735,13.35296010164417,4.017427395220376,9.022630031800396,1.7066666666666668,1.0104519542461239,0.3448021558044277
0.35,5,fifo_mixed_window,300,5.7464060377980495,5.862600000000022,10.46987288174017,1.9127686804569137,5.2089571394869205,2.16,1.0523687313310666,0.3392780126306968
0.35,5,lane_split_window,300,6.147066205659709,5.932844177034426,11.40552755505978,2.7992033577464976,7.222766605166942,1.9733333333333334,1.0392915530390365,0.3392780126306968
0.35,5,length_similarity_window,300,6.439235363559592,6.346166758965467,11.5849645737003,3.3308204411925755,8.120458076487092,1.4666666666666666,1.0076820238062363,0.3392780126306968
0.35,5,full_rules_continuous,300,6.449040464296374,6.387035941806801,11.5849645737003,3.3793176189132312,8.169507564759735,1.4533333333333334,1.007133532758791,0.3392780126306968
0.35,6,fifo_mixed_window,300,6.192800774950155,6.167711308009807,10.993553389479043,2.0427882224187224,5.234531622131585,2.3266666666666667,1.0569544397946353,0.35781077007503664
0.35,6,lane_split_window,300,6.402107362173888,6.223674719115714,11.292083242194373,2.9173799295022858,7.321469447118921,2.1666666666666665,1.0425082963477685,0.35781077007503664
0.35,6,length_similarity_window,300,6.281080313661517,6.479340837936832,11.126816583055557,2.9476859554869645,6.87624526213235,1.6933333333333334,1.0088795716900714,0.35751921256226465
0.35,6,full_rules_continuous,300,6.78240741579689,6.9178145321724855,11.733902273014051,3.5826377391361603,7.995925653721533,1.5733333333333333,1.007333427327206,0.35751921256226465
0.35,7,fifo_mixed_window,300,6.486028335260312,6.3326675288493135,11.066691893665705,2.076281863924255,5.220791666810152,2.3133333333333335,1.0647012373633624,0.31762216189116527
0.35,7,lane_split_window,300,6.623741639627657,6.2454661428280716,11.490203753256333,2.9671345700273006,7.273018076120582,2.0733333333333333,1.042678927690736,0.31615267211936565
0.35,7,length_similarity_window,300,7.172015012524191,6.839082384353105,12.324623495885602,3.69888562453357,8.5313710002885,1.52,1.0074590253989337,0.31615267211936565
0.35,7,full_rules_continuous,300,7.39907319762123,6.997843707417388,12.738899216638835,4.018420289334508,9.06355114491686,1.5133333333333334,1.0071360139270258,0.31615267211936565
0.35,8,fifo_mixed_window,300,6.860085995944154,6.527775200472433,12.137199335284574,2.3549246348337465,6.063329200626261,2.966666666666667,1.0717511409856169,0.3740677413233083
0.35,8,lane_split_window,300,6.884258323335929,6.445418618176433,12.420638624944894,3.316815798269309,7.586119096181788,2.68,1.0486578235699635,0.37404330835543825
0.35,8,length_similarity_window,300,7.647534123794477,7.475041991363895,13.653243578693578,4.257975567468896,9.047135636045534,1.8533333333333333,1.0124214265638964,0.37407107099615433
0.35,8,full_rules_continuous,300,7.563229333913159,7.210073149327188,12.906314092039242,4.28071387124719,9.033121090118977,1.7666666666666666,1.0105922594530148,0.37407107099615433
0.35,9,fifo_mixed_window,300,6.844303651443571,7.038145811560383,11.466888365340814,2.269205472051119,5.293209985428013,2.7733333333333334,1.068362500545938,0.3639176924199152
0.35,9,lane_split_window,300,7.368153941440884,7.271173115865963,12.820512527198947,3.7235017137379063,8.198023562419998,2.28,1.043926653513109,0.36187346153474487
0.35,9,length_similarity_window,300,7.847610011182769,7.99773838239301,13.156365082802935,4.414397945548062,9.70979987632261,1.8,1.009783537746193,0.3609880744730407
0.35,9,full_rules_continuous,300,7.914443424106296,7.99773838239301,13.362485674559919,4.549671088617867,9.962301265602804,1.8066666666666666,1.009394205879963,0.3609880744730407
0.35,10,fifo_mixed_window,300,6.823010997327466,6.452557120311056,12.252245297186157,2.3202511916565873,6.125582515733221,2.493333333333333,1.0701002437419094,0.3313894917346959
0.35,10,lane_split_window,300,6.55849972751219,6.259114976278906,11.637776585817722,3.039551021260601,7.556395873215953,2.1333333333333333,1.0405580465531181,0.3309185368538849
0.35,10,length_similarity_window,300,7.096695160947212,6.7789706761708,12.541668781661999,3.7892319532365657,9.211793521651533,1.6933333333333334,1.0095493825610113,0.3302368435401365
0.35,10,full_rules_continuous,300,7.242293238130437,6.83113048388941,12.603933592555727,3.989532873775225,9.35628846596489,1.6533333333333333,1.0091540267807741,0.3302368435401365
0.35,11,fifo_mixed_window,300,6.249982721760615,6.382836355618764,10.892982779366523,2.0663734140822325,5.32760273374974,2.38,1.0586212304829525,0.3190372763560839
0.35,11,lane_split_window,300,6.423105591795405,6.085947925006394,12.027331177003806,2.970250723391663,7.861343687199822,2.1933333333333334,1.0348827747186606,0.3190372763560839
0.35,11,length_similarity_window,300,6.7723599101282765,6.368764843872491,12.668174177165216,3.438331503127638,8.331384604327265,1.7733333333333334,1.0107615680104431,0.3190372763560839
0.35,11,full_rules_continuous,300,6.987235235909973,6.539534263100961,12.587311753204972,3.7744851289895407,8.347850543623577,1.7333333333333334,1.009417542976177,0.3190372763560839
0.35,12,fifo_mixed_window,300,6.407474546047417,6.305116236526388,11.534905694766326,2.052776029568388,5.362834560687608,2.64,1.063406756486827,0.3485110912423628
0.35,12,lane_split_window,300,6.5198787510275285,6.152519887787864,11.492461935120785,3.0195660280992023,6.902728071295697,2.28,1.0431528453650007,0.3483373088522799
0.35,12,length_similarity_window,300,7.071613928591415,6.866616685122729,12.516685539178793,3.7480981857705458,8.075618180955258,1.74,1.0102009893835786,0.34785153842691335
0.35,12,full_rules_continuous,300,7.228028969933757,6.9609475250349995,13.518180846885645,3.9707935581889355,8.420913951966863,1.6866666666666668,1.0098563693764526,0.3477144793358566
0.35,13,fifo_mixed_window,300,5.552528070439946,5.449298680482542,11.094171311495389,1.778263756207139,5.2719591684205955,2.14,1.0509499465956194,0.3271519239946481
0.35,13,lane_split_window,300,5.715361411242097,5.324997699433055,10.783754213719385,2.428177258317128,7.2197313753532,2.026666666666667,1.0405915642132455,0.3271519239946481
0.35,13,length_similarity_window,300,6.261355790531655,5.900681795933508,11.641645207582762,3.1982479902257386,8.805591453945683,1.5133333333333334,1.0085886152962633,0.3271519239946481
0.35,13,full_rules_continuous,300,5.804197104529783,5.566023082460447,11.26622080448936,2.8427657133738347,7.538724393689918,1.4533333333333334,1.0069810612092576,0.3271519239946481
0.35,14,fifo_mixed_window,300,6.559700314313873,6.522783427919649,11.206405653711727,2.234156130762824,5.5399294924619555,2.466666666666667,1.0663276428953445,0.3516478974342375
0.35,14,lane_split_window,300,6.527131909509068,6.417023503502087,10.972587030605244,2.989032959103734,7.470686199159345,2.18,1.0488648449993134,0.35090621461262406
0.35,14,length_similarity_window,300,7.205091528040592,7.319250877150726,11.822345634388416,3.9251146566309565,8.647702092226568,1.5666666666666667,1.0086099533818018,0.3502157717793285
0.35,14,full_rules_continuous,300,7.210281636430153,7.145669625680419,12.22886345989208,4.017911843470739,8.622337332451254,1.5466666666666666,1.0078538281935148,0.3502157717793285
0.35,15,fifo_mixed_window,300,6.428715155100016,6.481007362947949,11.588932484654707,2.1088848478233837,5.542293229768956,2.453333333333333,1.0611510947995604,0.3371938851825165
0.35,15,lane_split_window,300,6.413017078956646,6.172923060721388,11.743268529644395,2.869735344426591,6.889860351646898,2.046666666666667,1.035783278771705,0.3374130483681566
0.35,15,length_similarity_window,300,7.238461625775877,7.017247903009888,13.417750087341137,3.735630807451295,9.24174453858127,1.6666666666666667,1.009977893936261,0.33557039261093063
0.35,15,full_rules_continuous,300,7.0503202021245475,6.432192622011527,12.660028797609483,3.7022547507770165,9.158595350744703,1.62,1.008474526654806,0.33687943618212246
0.35,16,fifo_mixed_window,300,6.381038597091186,6.808061508396065,11.262117741067028,1.9638535398150399,5.190610152061845,2.4466666666666668,1.0660373080406127,0.3456897590638555
0.35,16,lane_split_window,300,6.669077962352576,6.719818931053027,12.250613886600094,3.252182417246696,7.66946973996387,2.16,1.0393917712684924,0.3456897590638555
0.35,16,length_similarity_window,300,6.665749803376801,6.5524335109021195,12.365377474128383,3.4662470989080134,8.201524114549285,1.5866666666666667,1.008182894525578,0.3454363327615136
0.35,16,full_rules_continuous,300,6.761443087430951,6.607116759218755,12.428551222296942,3.5920480364548926,8.404078657253168,1.5666666666666667,1.008004465515724,0.3454363327615136
0.35,17,fifo_mixed_window,300,6.279178827172053,6.50082675365033,10.594576602516629,1.9644803267840056,5.232466212947655,2.1866666666666665,1.0594088851192036,0.32572346679927544
0.35,17,lane_split_window,300,6.291917522997628,6.237329178235825,10.68802078125506,2.793337520883337,6.497900997413916,2.1066666666666665,1.0402825897517611,0.3249855031116971
0.35,17,length_similarity_window,300,6.339473933787833,6.400128422211104,10.977168141321973,2.96995549246622,6.5846344160645875,1.5133333333333334,1.0090505082428667,0.3249855031116971
0.35,17,full_rules_continuous,300,6.7759588807800695,6.871424731687476,11.480037687278324,3.505125013702352,8.196692224227439,1.4666666666666666,1.0073301706420357,0.3249855031116971
0.35,18,fifo_mixed_window,300,6.510514460312371,6.255522909183306,10.659207521837118,2.132327466861469,5.190225996109864,2.3333333333333335,1.0616977971579742,0.35231387280983256
0.35,18,lane_split_window,300,6.438562635680402,6.073650116838621,11.09432009980115,2.868197945330925,6.790730672077137,2.08,1.038831594093862,0.3514421310110098
0.35,18,length_similarity_window,300,7.175547945224096,6.820599999999993,12.85775049170406,3.7204528332736087,8.15437761213765,1.7266666666666666,1.0095059436155966,0.34947249734378766
0.35,18,full_rules_continuous,300,7.382767082382204,7.20996338962318,12.851927854476177,4.056533594519531,8.547254469691284,1.62,1.008207027631787,0.35024243724696735
0.35,19,fifo_mixed_window,300,5.882756722630774,6.08891707843577,10.50124296236776,1.8075581494841897,4.979440774740368,2.3666666666666667,1.0563759116710008,0.346818614911916
0.35,19,lane_split_window,300,6.068418541391532,5.842068972484441,11.093848881441813,2.7126580767726938,6.986557135732307,2.1866666666666665,1.0387513491780844,0.346818614911916
0.35,19,length_similarity_window,300,6.521684906659565,6.245281850982849,11.450079288765815,3.269712610580151,7.651949967173737,1.7266666666666666,1.0099822350274368,0.346818614911916
0.35,19,full_rules_continuous,300,6.721313054552332,6.382625772781227,12.565798038743917,3.604864570268553,8.916547315542969,1.58,1.0080149329106822,0.346818614911916
0.35,20,fifo_mixed_window,300,6.727943295487129,6.785963127844582,11.117627089186557,2.3572386446916083,5.345923764156755,2.6133333333333333,1.0696490332568798,0.3568651663005181
0.35,20,lane_split_window,300,6.670061798622034,6.6399708729433655,11.961535398351373,3.1515106558040658,7.224627832319516,2.38,1.0412687455649718,0.3568651663005181
0.35,20,length_similarity_window,300,7.296523534786264,7.277251487585062,12.3631283169495,4.020965451520496,9.144761288146352,1.72,1.0097342286699493,0.3568651663005181
0.35,20,full_rules_continuous,300,7.327976057548834,7.277987330856718,12.987684512297818,4.083294445821255,9.309141877668853,1.7266666666666666,1.0093136745581504,0.3568651663005181
0.35,21,fifo_mixed_window,300,6.425683656719809,6.5026928128304675,10.887720072213108,1.9466811076430626,4.996129965844364,2.46,1.0666190505849165,0.3663864107163971
0.35,21,lane_split_window,300,6.514287646366466,6.313654432598355,11.47694664340982,2.9563449653103713,7.105985762206484,2.2466666666666666,1.0399348408498978,0.3663864107163971
0.35,21,length_similarity_window,300,7.277348018111276,6.980995923779368,12.689505222932281,3.90840133524168,8.710537990560672,1.7266666666666666,1.0102293975293786,0.3663864107163971
0.35,21,full_rules_continuous,300,7.557044146191249,7.144313052266966,12.835133512354586,4.276719443299912,9.952874322148826,1.72,1.0089641916372587,0.3663864107163971
0.35,22,fifo_mixed_window,300,6.18292829921631,6.128207557247666,11.107204139387175,2.001799473179136,5.081197205146897,2.4133333333333336,1.0657350815727613,0.3713925762818338
0.35,22,lane_split_window,300,6.815843778141479,6.335659471747682,12.290622097119554,3.395518518605604,8.236249834467499,2.3533333333333335,1.0485384497380115,0.3713925762818338
0.35,22,length_similarity_window,300,7.206447423609976,6.942706593314416,13.273916953409651,3.955541010762874,8.935683165632135,1.7133333333333334,1.012059772223548,0.3713925762818338
0.35,22,full_rules_continuous,300,7.800776808685265,7.523559231320476,14.07091983277007,4.676687727983729,10.300544429879986,1.7066666666666668,1.0104529884500733,0.3713925762818338
0.35,23,fifo_mixed_window,300,6.398981890292933,6.529368751900087,11.298755199586637,2.058300869219827,5.3427195202563045,2.3333333333333335,1.0595819950929102,0.33027366963722005
0.35,23,lane_split_window,300,6.602903313072146,6.620054601610192,11.540765442318511,3.127277198028525,7.532539144228783,2.1466666666666665,1.0406807736011632,0.329129143258676
0.35,23,length_similarity_window,300,7.082218808332025,6.845196335880118,12.532564051445073,3.7404529455052518,8.625146057116543,1.6266666666666667,1.0082535226184643,0.3281982091280197
0.35,23,full_rules_continuous,300,7.2924009063884085,6.896794603316778,12.701296279486723,4.045828235006017,8.971849571160345,1.5533333333333332,1.0072074870459122,0.32794154433890005
0.35,24,fifo_mixed_window,300,6.515037599434467,6.443769363219062,10.93953691285535,2.1874833061515826,5.151344249783073,2.6933333333333334,1.0606613801517453,0.3943796760896524
0.35,24,lane_split_window,300,6.870451079435306,6.438335028889938,11.935009868666148,3.2143537441251455,7.308832337365809,2.466666666666667,1.0442368673389357,0.39492230130924766
0.35,24,length_similarity_window,300,7.428389905229221,7.233277662656157,12.82770618218173,4.0171736773339095,8.658195720679688,1.84,1.0112665500258666,0.3923246038744516
0.35,24,full_rules_continuous,300,7.626350161961377,7.2913631856891925,12.991838261600211,4.271369322044643,8.808134154671205,1.8266666666666667,1.0102675889456934,0.3926157892512313
0.5,0,fifo_mixed_window,300,7.048341567438505,7.206835239797492,11.128711327855857,2.3313487738875165,5.1290563012373385,3.3333333333333335,1.0908685950248254,0.483844424359029
0.5,0,lane_split_window,300,7.223576539375863,7.397851548159821,11.97678665643331,3.5667732948559783,7.679176937619591,3.06,1.0635468824593284,0.4823413999550396
0.5,0,length_similarity_window,300,8.450339196633593,8.460813721509169,13.537574917916729,5.082712609881174,10.594454598948458,2.2,1.0181255821932507,0.4815872465122014
0.5,0,full_rules_continuous,300,8.392661964251742,8.189428653362242,13.601213981111004,5.152696331421668,10.491484324057954,2.12,1.0152415067222171,0.4820769021689168
0.5,1,fifo_mixed_window,300,6.93124258474285,6.901074519822231,11.065238236082314,2.58867486622365,5.8813693664859645,3.6266666666666665,1.0794466319456428,0.4850086150350727
0.5,1,lane_split_window,300,7.317242311321533,7.429137571102217,12.114901544492074,3.6633463744424946,7.576496488557002,3.1266666666666665,1.0619010531029056,0.479437087514131
0.5,1,length_similarity_window,300,8.605391317388824,8.412659655960155,14.119771160804392,5.040218307279805,10.636604938518278,2.28,1.0160568451740224,0.4832764558999238
0.5,1,full_rules_continuous,300,9.253169131573191,9.33875829017623,14.865641738117699,5.919238886753756,11.338720337364915,2.2466666666666666,1.0146578677267273,0.4848317670808842
0.5,2,fifo_mixed_window,300,6.684005943134503,6.563658733555249,11.143442226288396,2.2406138202199366,5.008003256422746,2.96,1.081819830733485,0.4638012838448805
0.5,2,lane_split_window,300,7.003917234705141,6.909589794478023,12.244465540781702,3.606686231566181,7.41968503114967,2.5533333333333332,1.0536367481359161,0.4614786147001127
0.5,2,length_similarity_window,300,7.858527741065925,7.51021844820545,14.167217150666799,4.712691375891052,10.406994779287002,1.98,1.012840102613625,0.46189242411098674
0.5,2,full_rules_continuous,300,7.961455888377231,7.409415540585201,14.23717938248712,4.919887219721349,10.66205945779901,1.9066666666666667,1.0118654131161626,0.4611440302566849
0.5,3,fifo_mixed_window,300,7.6834829337241235,7.711049880047511,11.509677622779751,2.7126622029100327,5.5406417677621524,3.486666666666667,1.085470022549196,0.46665128090759855
0.5,3,lane_split_window,300,7.975237607840281,7.720348163070298,12.568910667176556,4.073750838740227,8.118798004697403,3.06,1.0539889585940385,0.46908083252456373
0.5,3,length_similarity_window,300,8.758710255336254,8.739454028979353,13.559858993971442,5.017819902735002,9.888063365186044,2.3866666666666667,1.0164311837064222,0.46452107806698084
0.5,3,full_rules_continuous,300,8.81915671512585,8.672117308603948,14.14038230427155,5.1836153666808995,10.218692734821085,2.32,1.0147873664880107,0.4683605811555221
0.5,4,fifo_mixed_window,300,7.183345640503541,7.25977801104956,11.605478488122458,2.560281893411321,5.553767467817264,3.6733333333333333,1.0841460888802854,0.5587152226136823
0.5,4,lane_split_window,300,7.232362717505588,7.19433648207653,12.193187148393404,3.5918833453309404,7.853684976014569,3.2333333333333334,1.060241493974237,0.5540065962141728
0.5,4,length_similarity_window,300,8.186781517896707,7.849151857430613,13.931367547843895,4.776483151725911,10.129653949776669,2.46,1.0161560043376268,0.5588408482256751
0.5,4,full_rules_continuous,300,8.52333944029648,8.228271310020354,14.091691079693808,5.260494212914537,11.22138883559452,2.3666666666666667,1.0147480453401898,0.5550638480195016
0.5,5,fifo_mixed_window,300,7.239399115192271,7.309630439111032,11.683587038405978,2.3655440981304765,5.438238357301095,3.433333333333333,1.0849675716511697,0.4818240891103554
0.5,5,lane_split_window,300,7.2401416490936725,7.138589995319066,12.495674026880732,3.5772984928305775,7.802696942785188,3.026666666666667,1.0571491175919425,0.4836110301495982
0.5,5,length_similarity_window,300,8.858113933403889,8.608555229351335,15.156523378925833,5.295017758113845,11.642083548388662,2.2733333333333334,1.0162002110246044,0.4802831941593806
0.5,5,full_rules_continuous,300,9.01989469921464,8.79746869456929,14.85366449435322,5.637088869957614,11.62915835735646,2.1466666666666665,1.01370317568044,0.47781353238012375
0.5,6,fifo_mixed_window,300,7.398381097892692,7.653465718633285,10.857581986772978,2.5940829474258105,5.57291327990422,3.7733333333333334,1.0907679088739053,0.5074887829982128
0.5,6,lane_split_window,300,7.689064992118879,7.551535496082906,12.383875101807714,3.9589470872744914,8.609226006287578,3.466666666666667,1.0654602030676181,0.5043846333101484
0.5,6,length_similarity_window,300,8.833172739669463,8.313907258211032,14.903084677589602,5.33548030000195,10.531322382111144,2.473333333333333,1.0167070148096833,0.5023817536471594
0.5,6,full_rules_continuous,300,8.841467911527818,8.678683804473678,14.07814896195799,5.438462650054302,10.291733123869676,2.506666666666667,1.0157444310808337,0.5034857973274185
0.5,7,fifo_mixed_window,300,7.391720703689692,7.624126895215944,11.504350191074998,2.611799630580405,5.480362046909298,3.46,1.0917104147275836,0.511454073348432
0.5,7,lane_split_window,300,7.483073824912876,7.080796157045139,12.770415426075681,3.838380317745752,8.092231211400545,3.12,1.0579535529215662,0.5094494330717297
0.5,7,length_similarity_window,300,8.24263524339753,7.9302144561033945,13.617814551543088,4.973505920402018,10.369483038573703,2.1666666666666665,1.0136076575421233,0.5061191205735299
0.5,7,full_rules_continuous,300,8.653855200435181,8.748999138755096,13.681880895609794,5.436368509778943,10.595169387635515,2.1733333333333333,1.0130231705177652,0.5061191205735299
0.5,8,fifo_mixed_window,300,7.436364323913925,7.392190559512898,11.59082844662245,2.4992404940778203,5.372433758068004,3.6,1.0875797126450328,0.5104711376300588
0.5,8,lane_split_window,300,7.763270174248365,7.476941443195955,12.973841067458022,4.01952008104707,8.352365611383211,3.1,1.0590705728986491,0.5104711376300588
0.5,8,length_similarity_window,300,8.357037564866841,8.827489685439815,13.507328970186213,4.796182451823558,9.827789346046057,2.3666666666666667,1.0168553245586087,0.5099203175480834
0.5,8,full_rules_continuous,300,8.493312717739952,8.662234851521106,13.895735622492944,5.038072872626858,10.09315225275555,2.2066666666666666,1.0151709843030896,0.5099203175480834
0.5,9,fifo_mixed_window,300,7.441364499695002,7.43707844610833,11.869112567071753,2.5328104335557122,5.683699795117736,3.46,1.0862982784120525,0.4826117256753519
0.5,9,lane_split_window,300,7.586306797485585,7.726493489858768,12.616200728155583,3.767766080138978,7.858985779303188,2.96,1.0503297684506807,0.4763744302410171
0.5,9,length_similarity_window,300,8.67498326349889,8.997811643312417,13.603214133799995,5.033412531919953,10.485521723942881,2.3066666666666666,1.0150817792613576,0.4762686164633857
0.5,9,full_rules_continuous,300,8.96232703477623,9.256599446031046,14.227466497291816,5.433503375070209,10.58565536926257,2.2133333333333334,1.013646255410436,0.4733141982806518
0.5,10,fifo_mixed_window,300,7.460482235861225,7.630362497734637,11.099188608334384,2.5082109145460123,4.969119695326208,3.3066666666666666,1.0877371522417738,0.4930610607397047
0.5,10,lane_split_window,300,7.545997450358242,7.580204079365949,11.921340592075019,3.7253273799698743,7.572077591962285,3.026666666666667,1.0549043026374718,0.4918231716536631
0.5,10,length_similarity_window,300,8.649082309586452,8.197618331330133,14.329042568501205,5.0389015475613546,10.361615210027903,2.2466666666666666,1.0140611930771533,0.4918231716536631
0.5,10,full_rules_continuous,300,8.84814102792595,8.647692071164386,14.022000381915172,5.370813921114853,10.430582411571294,2.2266666666666666,1.0133319908389513,0.4914646028312817
0.5,11,fifo_mixed_window,300,6.964707394581666,7.3118000000000025,10.793918048317085,2.3745719012251105,5.3746762192837885,3.46,1.0789228969957207,0.45454400000994266
0.5,11,lane_split_window,300,7.716207193045154,7.4955088405967984,13.167518893277828,4.019423106292131,8.498331626827616,3.2933333333333334,1.063169301983255,0.45454400000994266
0.5,11,length_similarity_window,300,8.348864308699254,8.593638811847605,13.321975430364219,4.870105435819093,10.191951569448669,2.1066666666666665,1.016109718676725,0.45424551193900264
0.5,11,full_rules_continuous,300,8.833693665524036,9.284195335943114,14.117219508084865,5.495985092708481,10.701318098531136,2.06,1.0142471034426561,0.45424551193900264
0.5,12,fifo_mixed_window,300,8.12350540866422,8.188309076221351,12.061847731162334,2.9572556957487732,5.935482386570754,4.06,1.104897909437888,0.5640060851497416
0.5,12,lane_split_window,300,8.133934407212104,7.989072371855215,13.116311630676499,4.300642251834862,8.729175946569638,3.7133333333333334,1.0598424641037896,0.564692515284266
0.5,12,length_similarity_window,300,9.214879033180129,9.157100918731402,14.197503017354439,5.615431881955281,11.198849495467272,2.64,1.0186435226898476,0.5645147645022379
0.5,12,full_rules_continuous,300,9.060380946601507,9.00674635145947,14.347806363825638,5.633889179663244,11.20859900742383,2.46,1.0166159140445832,0.5645147645022379
0.5,13,fifo_mixed_window,300,6.786755653120967,6.821747769856813,11.468879111866176,2.3621144286138063,5.685002845351955,3.066666666666667,1.068661107635043,0.45816129675286904
0.5,13,lane_split_window,300,7.182568600913493,6.729415706790917,13.057225929336596,3.6508796615017345,8.33259692710561,2.68,1.0436858357931742,0.45816129675286904
0.5,13,length_similarity_window,300,7.760704482868061,7.646425225133044,13.603087083549077,4.378403946608558,9.355735068560177,1.94,1.0129450777789388,0.45805781913453536
0.5,13,full_rules_continuous,300,8.272010035783302,8.111746184769236,14.528435542118212,4.937009934943625,9.992636874516656,1.9533333333333334,1.0131127649527276,0.45805781913453536
0.5,14,fifo_mixed_window,300,7.268921445903771,7.2248894640151775,12.52884184848785,2.6381983423280064,5.927204074223195,3.64,1.087173270850744,0.47430910714652386
0.5,14,lane_split_window,300,7.3881951586210866,7.162724689719255,13.197986078608086,3.8881695607355717,8.166024550407275,3.433333333333333,1.061126370258848,0.47430910714652386
0.5,14,length_similarity_window,300,8.334807566187616,7.992083621987149,14.893860095492734,5.041553244951613,11.845296638487895,2.3266666666666667,1.0155491709067588,0.47430910714652386
0.5,14,full_rules_continuous,300,8.624270944563563,8.267781278482175,15.671833509397496,5.454785463599212,11.747505937776863,2.1866666666666665,1.0147356538112873,0.47430910714652386
0.5,15,fifo_mixed_window,300,8.036744617671445,8.166296693030006,12.377248320891974,2.8561449253817206,5.66603139390101,3.6466666666666665,1.0900028092896135,0.49667713990481155
0.5,15,lane_split_window,300,7.9055415981133805,7.8452581993769535,13.244006187597819,4.068040354325194,8.372934859697853,3.1,1.0541172739253144,0.49601585203568643
0.5,15,length_similarity_window,300,9.319446743998238,9.38831921568297,14.962187018229827,5.586346559573011,11.279697814242033,2.4133333333333336,1.016095875704884,0.4959240536346883
0.5,15,full_rules_continuous,300,9.220027519116368,9.476647874003174,14.912963921110567,5.6955754087933474,10.762916488128164,2.2733333333333334,1.0135308963756158,0.4954313990199175
0.5,16,fifo_mixed_window,300,7.74680331562555,8.061231732295381,12.114213626703165,2.787315534359506,5.950180452114014,3.493333333333333,1.0937679307179708,0.4848444928886386
0.5,16,lane_split_window,300,7.470710792794938,7.311615466907952,12.603782342039388,3.887317539459984,7.988101661473624,2.9266666666666667,1.0598883714680887,0.48409609878935417
0.5,16,length_similarity_window,300,8.779953740180217,8.44455559515385,15.06744329159369,5.355067241024049,11.513886046832658,2.1866666666666665,1.0153869631202912,0.4822747129684384
0.5,16,full_rules_continuous,300,9.240148623468858,9.110134555969452,15.144245204372309,5.947699268863406,11.855402971433204,2.1466666666666665,1.0134076868757047,0.4845228888373739
0.5,17,fifo_mixed_window,300,7.567095955898586,7.437854053280084,11.836533495422646,2.754508575605518,5.566269171635208,3.64,1.0944037194540515,0.4981349551747301
0.5,17,lane_split_window,300,7.432493353683902,7.2385597474161045,12.792587241190466,3.826812739396912,8.352239473740964,3.34,1.0624138451645577,0.49994223530931553
0.5,17,length_similarity_window,300,8.70151008575297,8.56950775378749,14.313726277595858,5.31119659644513,11.648131763521441,2.2933333333333334,1.0178996263285744,0.4999661781785907
0.5,17,full_rules_continuous,300,8.546861378893876,8.768655938354584,13.865930839879775,5.323674703640003,11.095287062105127,2.1266666666666665,1.0147071480593701,0.4999661781785907
0.5,18,fifo_mixed_window,300,7.322352183244516,7.4887202910546335,10.840849541406062,2.419851973624756,5.04028097098107,3.433333333333333,1.0961549773481802,0.4997933900360335
0.5,18,lane_split_window,300,7.289438992283071,7.118842116287599,12.637094892275469,3.7569632782003115,7.856438056750733,3.1533333333333333,1.057627273095351,0.49466555540579815
0.5,18,length_similarity_window,300,8.37949814557646,8.052814151129667,13.962852331907882,4.966687554879425,10.194582654655113,2.2733333333333334,1.0164005919256025,0.4942167878390595
0.5,18,full_rules_continuous,300,8.619125531584654,8.497188362979642,14.39467298633015,5.402040353125806,11.166055947231325,2.2466666666666666,1.0154362484774966,0.4942167878390595
0.5,19,fifo_mixed_window,300,6.982481164803645,6.736466252900925,11.040198965776577,2.377278639633883,5.182874632470211,3.42,1.0870024311353186,0.5047675133211612
0.5,19,lane_split_window,300,6.662858639006511,6.592076726747898,10.699642929583861,3.1619755086358086,6.7221898402396,2.9466666666666668,1.058993500885661,0.502964925133111
0.5,19,length_similarity_window,300,7.901070130682912,7.57190462551163,13.5813420317975,4.5385635833013165,10.110200316481022,2.24,1.0154742580229894,0.502964925133111
0.5,19,full_rules_continuous,300,8.121612960820336,7.953074283378186,13.649030143425744,4.928564416872795,10.0515017516632,2.1466666666666665,1.014010725319016,0.502964925133111
0.5,20,fifo_mixed_window,300,7.189466290000819,7.311799999999977,11.821134320560112,2.385477015241493,5.631982928203797,3.0866666666666664,1.0787721045384102,0.44046970623822407
0.5,20,lane_split_window,300,7.667556163102477,7.7426011701288076,13.058357801584716,4.05123114947241,9.0175921567232,2.7266666666666666,1.0519044029591844,0.4402579530325593
0.5,20,length_similarity_window,300,8.002645035240494,7.32086864342611,14.23084043493542,4.503797212619685,10.715332014730512,2.16,1.0163528604217715,0.4407373261028105
0.5,20,full_rules_continuous,300,8.458140251750901,7.778009448436677,15.286426771729255,5.116634358496605,11.569153149662903,2.02,1.013832657186742,0.43982667958735444
0.5,21,fifo_mixed_window,300,7.01128029368005,7.0260562528390125,11.154534108607791,2.3919744478327396,5.282861725552576,3.3866666666666667,1.0835679609028546,0.5058766879084667
0.5,21,lane_split_window,300,7.426197309317443,7.1464537932322685,12.336542769473564,3.783977012243278,8.18891968011064,3.2466666666666666,1.0577469505645933,0.5033551042029587
0.5,21,length_similarity_window,300,7.812289517736537,7.5874914178369615,12.856862246778439,4.426416367549236,9.278321791021037,2.3733333333333335,1.0151584869321801,0.503388176548309
0.5,21,full_rules_continuous,300,7.81184417617425,7.677302319093563,12.969171954828791,4.552098428204598,9.774301150609526,2.3333333333333335,1.0136139095742154,0.503388176548309
0.5,22,fifo_mixed_window,300,7.552744260084335,7.542387859827301,11.336633723038561,2.4889142500647905,5.313374567162773,3.513333333333333,1.0961868004004052,0.5124315384533792
0.5,22,lane_split_window,300,7.798719479119097,7.743380036646265,12.069796556784526,4.0692378161335725,7.81855587738958,3.3466666666666667,1.0570379227562243,0.5092038319713251
0.5,22,length_similarity_window,300,8.507080552538246,8.36154598386048,13.339478048833065,5.004081574162277,9.603215659235099,2.2933333333333334,1.0162727834284218,0.5134898022336715
0.5,22,full_rules_continuous,300,8.532670085202502,8.398180820846818,13.251221776919568,5.094012002353794,9.792499977299299,2.2133333333333334,1.0148860980849126,0.513803543858501
0.5,23,fifo_mixed_window,300,7.671129406683177,7.721704763176476,11.956967244631025,2.7321974566578895,5.587415538975643,3.56,1.091477766584181,0.49553126139991593
0.5,23,lane_split_window,300,7.941069935031002,7.781648575195845,13.137495570115973,4.153246223829026,8.364429538084954,3.0,1.05825025171263,0.49493320827264115
0.5,23,length_similarity_window,300,8.979444629591747,9.352691819851543,14.019359399796162,5.386919672926932,10.335041967939048,2.2533333333333334,1.015630056300892,0.49307407818232973
0.5,23,full_rules_continuous,300,8.785914272280493,9.195442903781725,13.81000381919522,5.336545688894571,10.350570395014483,2.1333333333333333,1.0149714212012737,0.49315706468969256
0.5,24,fifo_mixed_window,300,7.391327288172138,7.573491063837793,12.04939170652716,2.560204040091322,5.792115747676681,3.16,1.0844357608167334,0.47153753312478663
0.5,24,lane_split_window,300,7.521818298034923,7.4365512732353665,12.384742003013837,3.849674319122208,7.689707424288629,2.82,1.055009916780388,0.4673111733520471
0.5,24,length_similarity_window,300,8.85760365875202,8.378841477233095,15.252726546213848,5.3370170275143725,11.422889919549396,2.16,1.0155381168329245,0.46680813589048115
0.5,24,full_rules_continuous,300,9.071826109829923,8.932252341005764,15.072365688603547,5.67103772306194,11.523695888164209,2.0533333333333332,1.0131388923960287,0.4676179965291892
