arrival_rate_rps,trial,policy,n_requests,mean_latency_s,p50_latency_s,p90_latency_s,mean_wait_s,p90_wait_s,mean_batch_size,mean_hetero_penalty,throughput_rps
0.2,0,fifo_mixed_window,300,8.659729824287139,9.08545806362497,14.88816848134269,2.6869604666613927,6.894129779940151,2.0,1.0471536029502737,0.19615638243337366
0.2,0,lane_split_window,300,8.553366071185119,8.612919529405474,15.601506365104411,3.503115533020905,8.718393252284514,1.7333333333333334,1.026589242029548,0.19615638243337366
0.2,0,length_similarity_window,300,8.899301111010796,9.061108721462972,15.719099292202205,3.974116530203565,9.179129928919215,1.44,1.0071762232427663,0.1959985688853393
0.2,0,full_rules_continuous,300,9.112285371744756,9.08017483112009,16.08813813522199,4.294875541655578,9.888733215537863,1.4066666666666667,1.0059306314941312,0.1959985688853393
0.2,1,fifo_mixed_window,300,7.774300711795051,7.925600000000017,14.234572979781968,2.3836600924550515,6.613673808605782,1.8,1.0351423283791277,0.19933467658101625
0.2,1,lane_split_window,300,8.094326161396436,8.01660000000004,14.382595430618137,3.1439731743122032,8.53723170753441,1.72,1.028612944768396,0.19927743211902146
0.2,1,length_similarity_window,300,8.236680913200818,8.204393568825855,15.0573347700682,3.494839107143397,9.026205847579677,1.3866666666666667,1.0060560003090373,0.1988468971717867
0.2,1,full_rules_continuous,300,8.2768683209001,8.227943549748659,15.082308646476198,3.5670699895802023,9.298796648655326,1.38,1.0057504915838968,0.1988468971717867
0.2,2,fifo_mixed_window,300,8.572098955292413,8.362599999999993,14.99533788916923,2.815249347254647,7.191711023302554,2.16,1.046566138769305,0.1922845898158706
0.2,2,lane_split_window,300,8.874972545179075,8.362599999999958,16.361461079858692,3.8840903476227275,10.49010970563491,1.8733333333333333,1.029421877164617,0.19193153487766243
0.2,2,length_similarity_window,300,9.337430143679786,8.493297014159044,17.30416379966934,4.533459329449719,11.531723853004326,1.5266666666666666,1.0069771257531672,0.1918419714408264
0.2,2,full_rules_continuous,300,9.735257458772827,9.007663077837634,18.236155720972445,5.04045525242657,12.039949471030294,1.4733333333333334,1.0056692373346918,0.1918419714408264
0.2,3,fifo_mixed_window,300,8.017437063958775,8.484017166991976,13.623836566546908,2.4490844405783814,6.969796048303702,2.006666666666667,1.048863271464963,0.2132316564572457
0.2,3,lane_split_window,300,8.002712718600216,8.041603970602551,14.208220653681144,3.301241890577882,8.417226270315803,1.7933333333333332,1.0330436395199696,0.2132316564572457
0.2,3,length_similarity_window,300,8.618531763545883,8.529028677811311,15.088291966906743,4.012845272707545,9.587978973228994,1.4466666666666668,1.0073132342622568,0.2132316564572457
0.2,3,full_rules_continuous,300,8.958477633266838,8.856053220477975,15.47460987540118,4.492063832416673,11.283380663467545,1.4333333333333333,1.0066666208108241,0.2132316564572457
0.2,4,fifo_mixed_window,300,8.881005342654342,9.027297969105348,16.14592797337741,2.8993114426953905,7.689193222480897,2.033333333333333,1.0607026884172535,0.21308962979997687
0.2,4,lane_split_window,300,8.870689646220848,8.524400000000014,16.048369880959402,4.108072156366255,9.827769247591688,1.88,1.0350540012067357,0.21269206790443643
0.2,4,length_similarity_window,300,9.282623752076706,8.963028594762761,16.404714590434832,4.627176095380468,11.301437932864872,1.4733333333333334,1.0081391787973328,0.21256905142141305
0.2,4,full_rules_continuous,300,9.528628412818644,9.259882439450358,16.573817557931516,5.034153387138356,12.22385748019384,1.44,1.0065058112552818,0.21201554722426985
0.2,5,fifo_mixed_window,300,7.914341973105747,8.120574183729886,12.875895661624853,2.4209920827061935,6.476888665824085,1.82,1.0476960154143364,0.20234283304265444
0.2,5,lane_split_window,300,8.212662300917136,8.02630694465411,14.145639984937292,3.4044711874083995,8.686714849563248,1.64,1.032056323568742,0.20197094428707346
0.2,5,length_similarity_window,300,8.464535456571108,8.289277378402886,14.626459559945118,3.8774123286859785,9.358337060835305,1.3666666666666667,1.0072851098615176,0.20284385050212028
0.2,5,full_rules_continuous,300,8.57491662093259,8.314446276893477,15.352595328035262,4.082732590494434,9.730125729653617,1.3466666666666667,1.0058739632076252,0.20197298833840183
0.2,6,fifo_mixed_window,300,8.48243045469645,8.809061781949234,14.598186411192263,2.574973364791552,6.694590916962094,2.1,1.0601171825400961,0.2196206027316214
0.2,6,lane_split_window,300,8.571285882636982,8.524501888882554,15.093598014678445,3.671368332359043,9.394033561078395,1.82,1.035583475917941,0.21895236229909676
0.2,6,length_similarity_window,300,9.176812528070055,9.221693137279829,15.984802941787354,4.578594493105674,10.55825188797086,1.42,1.006411510124367,0.21895236229909676
0.2,6,full_rules_continuous,300,9.14337197550747,9.410183846154865,15.730024595608311,4.586952494560777,10.521008523738113,1.4133333333333333,1.0063023870227727,0.21895236229909676
0.2,7,fifo_mixed_window,300,7.867910505456102,7.925600000000031,14.389684792351852,2.3839648010963432,6.725103259235178,1.9533333333333334,1.0442748173543202,0.1946746701612619
0.2,7,lane_split_window,300,7.7969557193293815,7.656930436797701,14.606884175364284,3.0368929010029366,8.139237827086637,1.7266666666666666,1.0272072503726524,0.1946746701612619
0.2,7,length_similarity_window,300,8.477156985003086,8.357776602715688,15.080489802605271,3.870879438481641,9.850378801018026,1.44,1.006620381522357,0.1946746701612619
0.2,7,full_rules_continuous,300,9.058728291395083,9.162549576608626,16.222531128321826,4.511550203215637,11.112112235006256,1.4266666666666667,1.0060512039238243,0.1946746701612619
0.2,8,fifo_mixed_window,300,8.009785431168421,8.077284207428761,14.493194255420168,2.3569044998167685,6.817325780715967,2.06,1.0497274014166138,0.19217142750436825
0.2,8,lane_split_window,300,7.820628372794742,7.85680314711999,14.376127931611325,3.0835148158478196,8.703802675202873,1.7266666666666666,1.0280099722095877,0.19234143254498884
0.2,8,length_similarity_window,300,8.3122738594284,8.025000000000091,15.48137814263619,3.7200732649308503,9.975543086252383,1.46,1.0061967358943786,0.1919708926814322
0.2,8,full_rules_continuous,300,8.54924408662136,8.024999999999988,15.954478051983484,4.018540845722128,10.83203230449151,1.4466666666666668,1.0063347248846408,0.1919708926814322
0.2,9,fifo_mixed_window,300,7.043522439069242,7.166823752893549,13.191584169132117,1.925939883964555,6.023766155978065,1.6933333333333334,1.0359393841186366,0.18165496042467405
0.2,9,lane_split_window,300,7.310835269026032,7.222537358852378,13.336393491186028,2.873616745028337,8.935201211603744,1.6,1.023667030067739,0.18165496042467405
0.2,9,length_similarity_window,300,7.772083437649648,7.729434112129837,13.672285978218586,3.477162398531782,9.821475320062575,1.2666666666666666,1.0046313470378896,0.18165496042467405
0.2,9,full_rules_continuous,300,8.086979429777656,7.889499999999998,15.030700626042634,3.859825051348036,10.282612203145847,1.2533333333333334,1.0038057065702988,0.18165496042467405
0.2,10,fifo_mixed_window,300,7.6864376800728795,7.8521901790938955,14.362311327096315,2.307217465661473,6.719079925448911,1.7666666666666666,1.0436403852820544,0.1804603017948799
0.2,10,lane_split_window,300,7.624566118184495,7.405971476488162,14.65906274537097,3.0296909097298723,8.5196112372278,1.5866666666666667,1.025763333785404,0.1804603017948799
0.2,10,length_similarity_window,300,7.7102827344833225,7.766589829271993,14.641045651467493,3.3244774081151034,9.435032686347423,1.34,1.0058071233292822,0.1804603017948799
0.2,10,full_rules_continuous,300,8.010861630793096,7.925600000000015,15.154582120607095,3.702537189458281,9.887685528447998,1.3266666666666667,1.004626572449172,0.1804603017948799
0.2,11,fifo_mixed_window,300,8.091856455786168,8.000268951354514,14.282046420718896,2.5759480220940674,6.9584026893846,2.006666666666667,1.0476424627399614,0.20931469143285147
0.2,11,lane_split_window,300,8.30821433912596,7.925600000000031,14.742459561968422,3.584093722601515,9.416337794953028,1.76,1.0290684025355719,0.20869313524842345
0.2,11,length_similarity_window,300,8.732627013028166,8.485599024261063,16.13541539741734,4.176287546876821,10.335052755654436,1.4466666666666668,1.00745120635247,0.20936751118337737
0.2,11,full_rules_continuous,300,8.85840172488199,8.564135957497726,16.254459829753824,4.3701292124909275,10.573464157882746,1.4466666666666668,1.0069726472910192,0.20936751118337737
0.2,12,fifo_mixed_window,300,9.141475456164796,9.282270123802789,15.172938531650443,2.9583198514833007,7.192601091547772,2.453333333333333,1.0661963998026436,0.24609362317607078
0.2,12,lane_split_window,300,9.394015994969262,8.931887637699248,16.88503111381048,4.268756200921233,9.916883745402796,2.0733333333333333,1.0445127472843123,0.2465514574303465
0.2,12,length_similarity_window,300,9.862410658835076,9.46326772374971,17.302240636562157,5.095541157917946,11.072551970815756,1.6666666666666667,1.010302468720197,0.2449855970371472
0.2,12,full_rules_continuous,300,10.135937337348253,9.622354024196767,17.949274606172004,5.402506037220102,12.496768913775329,1.64,1.0095467344829532,0.24599892994114064
0.2,13,fifo_mixed_window,300,7.967335467439385,8.523142706381677,13.345846742880749,2.399826745128696,6.668124710643617,2.006666666666667,1.0555036383041327,0.20726891549505022
0.2,13,lane_split_window,300,8.064861402153943,8.024999999999977,14.246125671488807,3.367221258921431,8.136359552876138,1.78,1.0334634490264152,0.20726891549505022
0.2,13,length_similarity_window,300,8.228656470442223,8.28375067413683,14.260637703817196,3.8292772467831386,9.262337543692777,1.4266666666666667,1.0069758614578606,0.20726891549505022
0.2,13,full_rules_continuous,300,8.579386250708167,8.753365684823962,14.93276682907075,4.227738476460174,10.444664250262175,1.4266666666666667,1.006052430800103,0.20726891549505022
0.2,14,fifo_mixed_window,300,8.04930154844954,8.328944520780482,14.605258000053334,2.3240840401221528,6.513957291863777,2.1066666666666665,1.04243026636356,0.19370639519579572
0.2,14,lane_split_window,300,8.107730801248664,7.975300000000061,15.26779154795243,3.2435179129900504,9.09482991442653,1.8466666666666667,1.0231611547745592,0.19370639519579572
0.2,14,length_similarity_window,300,8.450486704518758,8.190778435527989,15.468086774352315,3.6723091452952357,9.44271576971762,1.5333333333333334,1.0067679708959734,0.19370639519579572
0.2,14,full_rules_continuous,300,8.549156073088234,8.328899999999976,16.15316293532333,3.8608078289062155,10.160370207936445,1.5266666666666666,1.0056355739231566,0.19370639519579572
0.2,15,fifo_mixed_window,300,7.929701170418336,8.311914047225002,13.592560969680124,2.371137276929567,6.307461872066497,2.1,1.053393558009416,0.22326216591924686
0.2,15,lane_split_window,300,8.024175934703711,7.977800629276388,14.780250371865634,3.3489153910235427,8.573775812459843,1.8333333333333333,1.0338353127885824,0.22326216591924686
0.2,15,length_similarity_window,300,8.417819943906377,8.301936071718956,15.5617600600688,3.9810070143857654,9.987159995322326,1.4533333333333334,1.00654307140802,0.22326216591924686
0.2,15,full_rules_continuous,300,8.519321764824932,8.063180190511332,15.834042200988268,4.1706614523979075,10.148836725859365,1.46,1.0062443521508722,0.22326216591924686
0.2,16,fifo_mixed_window,300,7.693354229436612,7.755708645548452,13.85684957014508,2.389724468060731,6.731949270619432,2.04,1.0458127490012559,0.20516939051167526
0.2,16,lane_split_window,300,7.6658188333928985,7.243810326137805,14.46352463136375,3.1097701851782324,9.651272487431058,1.8066666666666666,1.0295537687028677,0.20495036205086267
0.2,16,length_similarity_window,300,8.77378940909566,8.450672427413025,16.065021904683146,4.326173346604395,11.661410883100121,1.5066666666666666,1.006826454369769,0.20495036205086267
0.2,16,full_rules_continuous,300,8.891688986935533,8.024999999999977,16.847859031499652,4.560791982710966,12.500487621687348,1.4866666666666666,1.0056651930843588,0.20495036205086267
0.2,17,fifo_mixed_window,300,8.913034202650694,8.927814065266364,15.735130778223846,2.8171648262436118,7.764275067707958,1.9733333333333334,1.0475662513053066,0.18459768115464914
0.2,17,lane_split_window,300,9.027120169044291,8.71422680525012,16.50616767362806,3.8805630282404984,9.985875017186482,1.6933333333333334,1.0267698019249136,0.18459768115464914
0.2,17,length_similarity_window,300,9.606408648000748,9.19906265116057,17.46365861397051,4.554007877470649,11.116056479379813,1.4333333333333333,1.007336799691286,0.18459768115464914
0.2,17,full_rules_continuous,300,9.510843385058497,9.240679203934626,17.236133829262325,4.626929859856208,11.185633050441075,1.3733333333333333,1.0063396911322264,0.18459768115464914
0.2,18,fifo_mixed_window,300,7.8685422118068695,7.925600000000003,13.794798536339133,2.2883037574524505,6.847902391590628,2.0733333333333333,1.0470944455598776,0.1936726168791701
0.2,18,lane_split_window,300,7.9986405834908165,7.59243160196138,14.614687581410546,3.2040720718701063,8.50283423649319,1.8,1.0305733253036646,0.19304856217551106
0.2,18,length_similarity_window,300,8.463353291873833,8.0166,15.242294394633346,3.8280342007335997,9.8990015101155,1.4533333333333334,1.0068051157290654,0.19304856217551106
0.2,18,full_rules_continuous,300,8.668268061476287,8.049495711675888,15.710970324177186,4.119659104486054,10.69289617193009,1.4266666666666667,1.0064805391822726,0.19304856217551106
0.2,19,fifo_mixed_window,300,8.853194189652498,9.343961900277911,15.042512180364659,2.6763698750972673,6.850339717227564,2.1933333333333334,1.0547810978772767,0.2071457761025027
0.2,19,lane_split_window,300,9.188292534356968,9.236499999999992,15.745753173583038,4.01347186193917,9.477889732955388,1.9333333333333333,1.0382087877254136,0.2071457761025027
0.2,19,length_similarity_window,300,9.461075482306791,9.28783130601262,16.379554405052176,4.462006613456659,10.456002361750146,1.5533333333333332,1.0084277811324383,0.2071457761025027
0.2,19,full_rules_continuous,300,9.791575206350284,9.84124455320891,16.777056434008063,4.909356394988833,11.490686868149442,1.4866666666666666,1.0069823239335953,0.2071457761025027
0.2,20,fifo_mixed_window,300,8.489163769400168,8.362599999999965,14.579817735651547,2.595914932675893,7.091712518231615,1.9666666666666666,1.045094098464859,0.19517870641235216
0.2,20,lane_split_window,300,8.675096315202014,8.339952644103533,15.02087408151215,3.5855220832276684,9.240247955125588,1.8333333333333333,1.0295099836509098,0.19497142442376825
0.2,20,length_similarity_window,300,8.901458055636157,8.443435748132373,15.731547666395207,3.9553860878827436,9.778990927707083,1.54,1.0072455580785593,0.19477836854523645
0.2,20,full_rules_continuous,300,9.154686019409512,8.568777430751766,16.416426614663287,4.3302307188004105,10.983319963285687,1.4666666666666666,1.0057055402552912,0.19426000310727504
0.2,21,fifo_mixed_window,300,8.223446350502456,8.29867994044027,14.93013634695716,2.6164001116075664,6.809768276765569,1.8,1.0531771118348956,0.20861935377097382
0.2,21,lane_split_window,300,8.437066153057819,8.238274043070462,15.716609494316941,3.7755188950952654,9.753063527940263,1.6133333333333333,1.0302017659357727,0.20861935377097382
0.2,21,length_similarity_window,300,8.879537361342658,8.837746123147426,16.0329918108985,4.420907320054751,10.713994057441838,1.3133333333333332,1.0063179272551774,0.20861935377097382
0.2,21,full_rules_continuous,300,9.32925438074643,8.963034979958962,16.424713450955803,4.942397584125587,12.426199066859267,1.3,1.0056958679862158,0.20861935377097382
0.2,22,fifo_mixed_window,300,8.45881617660394,8.34827957539163,15.223118686770249,2.6614481211356975,6.735783112243559,2.026666666666667,1.0485619139634776,0.19563489209878535
0.2,22,lane_split_window,300,8.848603282006653,8.389913433107552,15.790881136672411,3.783442659986765,9.764663917937625,1.7866666666666666,1.031272787617175,0.19563489209878535
0.2,22,length_similarity_window,300,9.058744728426198,8.614334393308155,16.243537734578403,4.232069909329093,10.702180914027622,1.5133333333333334,1.007652846247364,0.19563489209878535
0.2,22,full_rules_continuous,300,9.457432225679456,8.707427650973557,17.177258190084803,4.721530968626507,11.648527857030073,1.4733333333333334,1.0066048410731956,0.19563489209878535
0.2,23,fifo_mixed_window,300,8.175551383995307,8.205682013181814,14.287500013390265,2.6440195070189954,7.2721113645976345,2.16,1.0627343243526732,0.2086633989234205
0.2,23,lane_split_window,300,8.442840427420334,8.192624235300684,14.9753519336987,3.809508244207882,9.02652025487395,2.0933333333333333,1.039008044148724,0.20871331999282594
0.2,23,length_similarity_window,300,8.475706005190617,8.499398930189614,14.854241815592838,4.064963267708257,9.531878265476829,1.6266666666666667,1.01065011161608,0.20828419258360953
0.2,23,full_rules_continuous,300,8.937941686185049,8.763620715010802,15.507475064491587,4.63259717150089,10.647080674761686,1.5466666666666666,1.0088827944329695,0.20828419258360953
0.2,24,fifo_mixed_window,300,7.927654659790978,8.025000000000091,14.037741040366098,2.4033247543352885,6.654184817298944,1.9133333333333333,1.0467365966104678,0.21277419238402018
0.2,24,lane_split_window,300,7.888073669778884,7.378033797868284,14.203674464345093,3.228635635225647,9.003318016461742,1.7666666666666666,1.027242901992753,0.21277419238402018
0.2,24,length_similarity_window,300,8.489231902895181,8.049071848045003,15.385369335525276,3.912801535617473,9.940578311413242,1.4533333333333334,1.0072240447529945,0.21277419238402018
0.2,24,full_rules_continuous,300,8.426512006047634,7.922909911020042,14.792442284715971,3.986608589061164,10.150217279161472,1.4066666666666667,1.005679683711196,0.21277419238402018
0.35,0,fifo_mixed_window,300,8.651410944291152,8.890563358966176,13.823504225942465,2.7971729832245296,6.303346500863268,3.32,1.0833719590529995,0.35208372641543817
0.35,0,lane_split_window,300,8.821168276891877,8.524537303523987,15.106497974106988,4.075691093158145,9.097066928937997,3.006666666666667,1.0578423789546418,0.35029403278125076
0.35,0,length_similarity_window,300,9.907904995351458,9.628062614737429,15.999587298301376,5.5747164304109615,11.513993925245291,2.0866666666666664,1.0132460495308835,0.3506996757502025
0.35,0,full_rules_continuous,300,9.977247710404871,9.782866026633542,17.248586053612232,5.777320302475808,12.009879858869983,1.98,1.0120050486587464,0.3500651600407509
0.35,1,fifo_mixed_window,300,9.745131848658824,10.028725006935247,15.534849039569423,3.133836670735525,7.063107483105192,3.3933333333333335,1.0783165532770242,0.3436438665341009
0.35,1,lane_split_window,300,10.275770008417718,10.575035868742475,16.512141843992147,5.154579110232558,11.206926136694163,2.9066666666666667,1.0578321214092368,0.3414031517874942
0.35,1,length_similarity_window,300,11.447088788721317,11.203500074304955,19.254242712134058,6.4852799829109475,13.904019111053197,2.14,1.0162012091665251,0.34069963517255414
0.35,1,full_rules_continuous,300,11.28273010996866,11.671742930536565,18.325585932987497,6.650837685826175,13.582192677877295,2.0733333333333333,1.0137613642889662,0.3406632511503621
0.35,2,fifo_mixed_window,300,9.89595278400349,10.044539980129969,15.59089860086576,3.3632698855587995,7.589775237714404,3.2133333333333334,1.086337717110579,0.34186242842095027
0.35,2,lane_split_window,300,9.718188111079696,9.51906886389105,16.463092829109712,4.831337910988406,10.957420206458307,2.8733333333333335,1.0582012140152792,0.341705619066228
0.35,2,length_similarity_window,300,10.045565234319211,9.733259081525325,16.244525717844876,5.42563009233667,11.20595794493909,2.12,1.0147691031871986,0.3410169391181649
0.35,2,full_rules_continuous,300,10.883642624463544,10.64946305720332,17.50810581584289,6.504645194817876,13.427504403171403,2.1266666666666665,1.013110527213137,0.341753544859671
0.35,3,fifo_mixed_window,300,9.523686158322386,9.967939511628089,14.758682461906249,3.296574578584071,7.192207342210036,3.2666666666666666,1.084483606444395,0.3676249412620528
0.35,3,lane_split_window,300,9.805676397734214,9.546652598400186,16.26389132394704,4.841115591699677,10.511184123123401,3.1933333333333334,1.0613448188766375,0.3681577369156583
0.35,3,length_similarity_window,300,11.541572769139515,11.15273742651867,19.907092399774925,6.983150174843348,15.126109304779819,2.24,1.016930829720243,0.3665460344122706
0.35,3,full_rules_continuous,300,11.236697424606064,11.349886941157223,18.82431029581401,6.858498082818108,14.047155669278522,2.12,1.014639465651941,0.3658689713294069
0.35,4,fifo_mixed_window,300,10.425534584468242,10.386921486031156,16.12157280327022,3.313923249367643,7.610467454734023,3.486666666666667,1.0892518363085522,0.3415615162108239
0.35,4,lane_split_window,300,10.991090808642593,11.040127044129349,16.873651194069605,5.5599923320859075,10.749177523210905,2.953333333333333,1.056026286815871,0.3412053143360342
0.35,4,length_similarity_window,300,12.565231525798202,12.4042752342624,20.101203234186613,7.410733928402175,14.449441580282862,2.2533333333333334,1.0182209017675818,0.34265634003766743
0.35,4,full_rules_continuous,300,12.453704800601093,12.437069786392243,19.395605168028634,7.453727820538933,14.531860649887687,2.24,1.016770793208426,0.344004555759122
0.35,5,fifo_mixed_window,300,9.185318369773276,9.361943442469595,14.567803734074754,3.037141687683297,7.1547304576230175,3.006666666666667,1.0832306649033663,0.337911547713364
0.35,5,lane_split_window,300,9.838356817686785,9.7646744611842,16.530676947444682,5.012516953179966,10.821091444846823,2.8866666666666667,1.056216033810564,0.338678223315514
0.35,5,length_similarity_window,300,10.832470874526486,10.60294957284583,18.11422844526303,6.372683401745138,12.518199834990495,1.9866666666666666,1.0130705442467869,0.33801806251483874
0.35,5,full_rules_continuous,300,10.588198553248345,10.60294957284583,17.438300149963567,6.277603948409336,12.445664398292779,1.94,1.0117997952827444,0.3378466184430993
0.35,6,fifo_mixed_window,300,9.905011059491036,10.040704046586598,14.971624757123523,3.2278770917993,7.223623095811172,3.24,1.0872477097076099,0.3569866799813908
0.35,6,lane_split_window,300,10.352108834724655,10.208285460566152,16.670776622588935,5.275572684491225,11.33986109029204,3.12,1.06176776195634,0.3544487140057029
0.35,6,length_similarity_window,300,10.407878887980862,10.410450252740162,16.67883408928532,5.556996779127728,11.097253680323893,2.2266666666666666,1.0153011794591567,0.3542707684951292
0.35,6,full_rules_continuous,300,11.030888087698042,10.666155646566324,18.419991293712602,6.536714054703357,13.878347755622812,2.26,1.0137698726029385,0.3542707684951292
0.35,7,fifo_mixed_window,300,10.148044616313902,10.022438478139833,16.069695796738483,3.4212240233085036,7.259545967576325,3.04,1.08724157043814,0.3160194852513067
0.35,7,lane_split_window,300,10.526054028476091,10.50660794298814,16.58470249353418,5.26622227562115,11.057074722174146,2.64,1.0591802177411607,0.31360898077748917
0.35,7,length_similarity_window,300,12.584200570389452,12.43124614316875,20.326675004561658,7.5951335865283784,15.960912622393867,1.9333333333333333,1.013929363409335,0.31568776072885085
0.35,7,full_rules_continuous,300,12.916185636644569,12.927620710843968,20.446896865971464,8.112634163830306,15.860027390707279,1.9866666666666666,1.012772948516711,0.31569442316392954
0.35,8,fifo_mixed_window,300,10.423182821793175,10.359915364471732,16.034072470048695,3.8279829494620645,7.771945084091763,3.8933333333333335,1.0909948378560541,0.373057844774373
0.35,8,lane_split_window,300,11.146036803665982,11.198443792548943,18.13239344634458,6.034995037741218,11.910322629852327,3.76,1.0648871427828146,0.3733857711181422
0.35,8,length_similarity_window,300,12.40679734911749,12.205990401996644,20.199323259146173,7.625749470949504,15.123853244877193,2.473333333333333,1.0189967689197856,0.3724313704497264
0.35,8,full_rules_continuous,300,12.795743055855006,12.267181187623493,21.415828185296174,8.202093534400277,16.346830492760017,2.48,1.0167013149890745,0.3724313704497264
0.35,9,fifo_mixed_window,300,10.510699881440788,10.956960793671286,15.923973103464036,3.649639399438719,7.601862007798136,3.7133333333333334,1.0930183597511134,0.3622026680304832
0.35,9,lane_split_window,300,10.654576968614164,10.833739203192614,17.327755005674074,5.531705279396859,11.475114935875201,3.1666666666666665,1.0586096898595247,0.3580265860068012
0.35,9,length_similarity_window,300,11.911746622198866,11.908366203098325,19.914667638988348,7.0832122392469135,14.481661296131467,2.3133333333333335,1.016571826086947,0.3615199957439633
0.35,9,full_rules_continuous,300,12.672039659688476,12.771321306232267,20.822503501075357,8.048614919275565,16.04101956451476,2.18,1.0128555151773295,0.359960826141547
0.35,10,fifo_mixed_window,300,9.848938369762221,10.044018557616937,15.711340771218351,3.3775840867245113,7.499155514302146,3.2,1.0906106675619114,0.3303733873447718
0.35,10,lane_split_window,300,10.353037202889885,9.798200699270879,17.443333528000217,5.343743870763609,10.914059789322122,2.8733333333333335,1.0561732818857585,0.3289221668882037
0.35,10,length_similarity_window,300,10.60804809631412,10.775434020510545,17.011530633042483,6.079701226889426,12.128559045924863,2.006666666666667,1.0140691274635145,0.3274140918028326
0.35,10,full_rules_continuous,300,11.412038092078848,11.132306410841068,19.514462852204577,6.920517776284147,13.495421625933023,1.9933333333333334,1.013791013290443,0.3274140918028326
0.35,11,fifo_mixed_window,300,9.69710696175431,9.714542578592614,15.466040852535459,3.2256671505540253,7.468159663240568,3.36,1.0832374515006642,0.31654833929525195
0.35,11,lane_split_window,300,9.502761845810326,9.208200369934756,16.065025561306527,4.499659346231552,10.361699304251207,2.9066666666666667,1.0495445353841342,0.3165735163796761
0.35,11,length_similarity_window,300,10.791834184602031,10.187000006231102,17.78323057284364,5.9785397735811046,12.606024397906936,2.2733333333333334,1.015332667460832,0.31851064591048855
0.35,11,full_rules_continuous,300,11.102422172394578,11.30940514875573,17.574708705465536,6.528388987735373,13.462620017471513,2.1666666666666665,1.013872337928351,0.3188475739833432
0.35,12,fifo_mixed_window,300,10.030054060176424,10.274156392008535,15.799111520034518,3.5195925486699693,7.599352755058433,3.5866666666666664,1.086983494833895,0.3448299630328944
0.35,12,lane_split_window,300,9.864009162893863,9.878918383166265,16.70939905832467,4.81534713037672,9.688285622251056,3.006666666666667,1.061010082288226,0.34463022521566583
0.35,12,length_similarity_window,300,11.43997313945006,11.14511969731507,18.684464292220543,6.746377257766555,13.139170979701838,2.32,1.0165905712538115,0.3443450687014083
0.35,12,full_rules_continuous,300,11.785646245497725,11.929432045894117,19.24903246838698,7.264218924462063,13.933742379867649,2.22,1.0142805345070467,0.3439296447697185
0.35,13,fifo_mixed_window,300,8.375907502883498,8.66827735436226,14.667880773635188,2.7029782802325157,6.766474930694085,2.8,1.071064084915701,0.32694915960828297
0.35,13,lane_split_window,300,8.56284258992879,8.30450605317202,15.419006757487013,3.964351868496022,9.963742681662497,2.6933333333333334,1.0516398225295704,0.32694915960828297
0.35,13,length_similarity_window,300,9.664324471828289,9.757051307098124,17.25395842222656,5.408134601393758,12.143661650596545,1.9266666666666667,1.0130125179355187,0.32694915960828297
0.35,13,full_rules_continuous,300,9.675466519912144,9.813028741171337,17.433028269329345,5.6045741341092405,12.282920283517525,1.88,1.0110725185092666,0.32694915960828297
0.35,14,fifo_mixed_window,300,9.943832836581196,10.030958011615837,15.157190895351356,3.4108191484002144,7.463675472268152,3.3066666666666666,1.0905308437174186,0.35021666034399485
0.35,14,lane_split_window,300,10.186178518650454,9.92493678353236,16.02609768055853,5.083927739630684,10.707414530077422,2.9,1.0622649353127813,0.3490632923779357
0.35,14,length_similarity_window,300,11.326761423904737,11.112750029107588,17.821888738364265,6.666278072652006,13.87025913144583,2.1066666666666665,1.0142329698170143,0.34918465463454273
0.35,14,full_rules_continuous,300,11.692895761562186,11.641599818714468,18.362844423351355,7.1805066824052375,14.04425979836274,2.013333333333333,1.012815872114462,0.347862708815901
0.35,15,fifo_mixed_window,300,10.033061269524199,10.041217345377603,15.422546775660011,3.290677200147539,7.367573686937181,3.1733333333333333,1.08655370897602,0.3345459258477437
0.35,15,lane_split_window,300,10.093977268294978,10.569450079972597,16.279993478032463,4.960575417074549,10.16058060882071,2.78,1.0510762749847502,0.3351863345873472
0.35,15,length_similarity_window,300,11.501418252930835,10.902996671677926,19.720878291704302,6.558788616773527,14.156377221716825,2.2266666666666666,1.0158482060445166,0.3346749951779533
0.35,15,full_rules_continuous,300,11.81415519106127,11.533872776952279,19.490691022932836,7.0795860962302735,14.085819520173676,2.046666666666667,1.0136860204162936,0.3337646287022429
0.35,16,fifo_mixed_window,300,9.456084365905467,9.77261687442875,15.677319822670274,3.2094192121475658,7.57585218933594,3.3133333333333335,1.0828291361887001,0.3448184267867828
0.35,16,lane_split_window,300,8.986302013500927,8.771930027038952,15.557921148451998,4.161495397871792,9.756223578666559,2.6866666666666665,1.0524074539607682,0.3448184267867828
0.35,16,length_similarity_window,300,10.88231215732404,10.925229911118194,19.000005099415286,6.351532387578705,13.97476851118264,2.033333333333333,1.0141974667774947,0.34443288207471945
0.35,16,full_rules_continuous,300,11.004826223472444,11.427369146433648,18.852234767747873,6.604581023885456,13.429586492656767,2.0,1.012581302531674,0.34443288207471945
0.35,17,fifo_mixed_window,300,9.650383783826523,9.932242939294866,14.889327330209607,3.046724354054189,6.725658418149406,3.1333333333333333,1.0882825720552798,0.3246316389410832
0.35,17,lane_split_window,300,10.157852367504207,9.962999999999965,16.909377650921666,5.050820776782478,11.14373948900521,2.92,1.0574948727029123,0.3236859341888182
0.35,17,length_similarity_window,300,10.760996171603535,10.93926214341758,17.717898127246645,6.001460479034138,11.475658528492783,2.0,1.0144456220908098,0.3237602942807249
0.35,17,full_rules_continuous,300,11.18955129498393,11.125530476737142,18.667941528747264,6.5573585013967906,13.231693054013977,1.9266666666666667,1.013114744611277,0.3238974433303632
0.35,18,fifo_mixed_window,300,10.224044746613787,9.808562589109712,15.639882570747528,3.5988576948254534,7.424021749217562,3.2466666666666666,1.08274199641459,0.3493802975079151
0.35,18,lane_split_window,300,10.355569114751109,10.11144276894862,17.265511980231324,5.161717697934599,10.629163094028561,2.8133333333333335,1.0537164700952455,0.3509707603228241
0.35,18,length_similarity_window,300,11.447992656286937,11.065416498690531,18.746140291312976,6.507512306890972,14.324538279464171,2.16,1.014795243317247,0.34644848654814286
0.35,18,full_rules_continuous,300,11.92452630687003,11.850511460387018,20.544079882614234,7.186795794416069,14.275940693649764,2.18,1.0135724851575811,0.3466944466879154
0.35,19,fifo_mixed_window,300,9.39537421019676,9.752384859333745,14.35416607897462,3.0805808622977624,6.856335442277075,3.1266666666666665,1.0834976724155139,0.3460604871962109
0.35,19,lane_split_window,300,9.840957267239583,9.480938891795997,16.525046035768163,4.940059085895254,11.067544264207939,2.7866666666666666,1.055179812831548,0.3460604871962109
0.35,19,length_similarity_window,300,10.782256423088045,10.27844194147275,18.82520314030836,6.147298621517743,13.360430835135382,2.1733333333333333,1.0149789237147417,0.3460604871962109
0.35,19,full_rules_continuous,300,11.008545162964667,10.930206060011592,18.369191952046037,6.599122300011035,13.604349720914136,2.14,1.0127916672021084,0.3460604871962109
0.35,20,fifo_mixed_window,300,10.419678575009568,10.38182133039465,15.267801979182238,3.692686376188681,7.475402022783176,3.44,1.093761753706512,0.3566610517586531
0.35,20,lane_split_window,300,10.949726766389784,10.96446324919927,17.51311694857895,5.866215086099989,11.029212080048527,3.2466666666666666,1.0558025462147365,0.3566610517586531
0.35,20,length_similarity_window,300,11.935041845528376,11.7837363646711,19.079796933414915,7.225126525187664,14.179730557501896,2.3466666666666667,1.0150238515819683,0.3566610517586531
0.35,20,full_rules_continuous,300,12.36477507157294,12.490893726026684,19.622082416774074,7.790712581436398,14.507734029414598,2.28,1.0133923630564028,0.3566610517586531
0.35,21,fifo_mixed_window,300,10.387496098713694,10.321860188238162,15.416720820649084,3.538799699361689,7.483499424932546,3.493333333333333,1.0926359920832964,0.3645724793847154
0.35,21,lane_split_window,300,10.056380624244252,10.107902256827625,15.530662950840316,4.868281172786715,10.064374593415874,3.046666666666667,1.0558246841776824,0.3633071722105461
0.35,21,length_similarity_window,300,11.39964864243501,10.968339396681124,19.482417374352423,6.546094669683327,13.208942029804653,2.32,1.0160071970980726,0.3638705000809831
0.35,21,full_rules_continuous,300,12.08954424775431,12.048273737608355,18.60409583231872,7.412709760977944,14.693384935849544,2.2466666666666666,1.0139580066808527,0.3635133884470451
0.35,22,fifo_mixed_window,300,9.491739729867405,9.899310373778803,14.717849889555866,3.15959032150978,6.7454896570455265,3.36,1.0913112714411317,0.37193711757050774
0.35,22,lane_split_window,300,10.083058121456212,9.670046491842754,17.43485887869839,5.131841727938853,10.554226336783644,3.2,1.0698803503862842,0.37193711757050774
0.35,22,length_similarity_window,300,12.286356646676008,12.027491353318865,20.323236234260154,7.727530487060013,15.074691508749522,2.1933333333333334,1.0169534310805592,0.36818467669719823
0.35,22,full_rules_continuous,300,12.509406423982956,11.865958168751945,20.738643796747,8.095980187618935,16.06692075147426,2.1333333333333333,1.0154519010914882,0.36818467669719823
0.35,23,fifo_mixed_window,300,9.77869133115704,9.808093239168187,15.0015064486455,3.1983555264393253,6.91192727623158,3.24,1.0860150254400207,0.32940121248237453
0.35,23,lane_split_window,300,10.150425430133806,9.895854160724838,16.75582868119531,5.178514309515942,11.24704959060236,3.0866666666666664,1.0538278291545344,0.32758420991747567
0.35,23,length_similarity_window,300,11.506903322611777,11.475793280295989,19.14924287001873,6.848708488819216,14.295738350239866,2.1666666666666665,1.0136695396903705,0.3261779412823552
0.35,23,full_rules_continuous,300,11.406255218614644,11.352984053592436,18.464111402144756,6.886574852499971,13.614213997806527,2.1066666666666665,1.0129350998318019,0.32734423181823064
0.35,24,fifo_mixed_window,300,9.96354682335332,10.018170940760257,15.203983598390717,3.375465188684262,7.0724701677748305,3.6,1.0879333177242674,0.39287687802918314
0.35,24,lane_split_window,300,10.481059356400884,10.557220128082946,16.394025936870932,5.279675188970221,11.457540551153127,3.473333333333333,1.061986014835307,0.39003332673279817
0.35,24,length_similarity_window,300,10.917159225215148,11.069548020852068,17.368361462392112,6.062496286766081,12.121198027261629,2.4,1.0164211489288177,0.38934665819452535
0.35,24,full_rules_continuous,300,11.262554619177136,11.389994085452258,17.98704214020634,6.571185976030574,12.439548130777288,2.4466666666666668,1.0157171234888025,0.39018393962763376
0.5,0,fifo_mixed_window,300,10.24805087144676,10.156579251016783,14.983761636067406,3.513457358295861,7.19171498436698,4.3133333333333335,1.109191616496789,0.48087371937052165
0.5,0,lane_split_window,300,11.09019607783174,10.803655144730499,17.515904837491995,5.967141618802402,11.645769453514704,4.153333333333333,1.0802997151560698,0.48011806218073
0.5,0,length_similarity_window,300,12.541806435085006,11.976638620720166,19.910579661937085,7.8496871421831385,14.870078796650512,2.82,1.0220279705522874,0.4743579184098564
0.5,0,full_rules_continuous,300,13.30483110847164,13.060963782675415,21.14906257583584,8.776091231220098,15.961225789697629,2.6066666666666665,1.019874276802282,0.474748663710623
0.5,1,fifo_mixed_window,300,10.315737021161233,10.110419890418036,15.588783223608843,3.6190729284057155,7.71223253524127,4.44,1.0994772342868455,0.47966688216886144
0.5,1,lane_split_window,300,11.335231275051745,11.18709575396781,17.532951774297945,6.327832281943319,11.953217511237558,4.633333333333334,1.0775121779359187,0.4828965767258994
0.5,1,length_similarity_window,300,13.114745982800814,13.236946032936089,20.785036746321936,8.203104923037829,16.338408371283794,3.2,1.0218015018989406,0.473818770429884
0.5,1,full_rules_continuous,300,13.42951810991435,12.962980072044218,21.482190048718234,8.929820577182083,17.620286577023887,2.78,1.0193738623227544,0.4832017769689917
0.5,2,fifo_mixed_window,300,9.934513631238383,10.196250696609022,14.395812555542753,3.3169785709234634,7.037583755771859,3.7933333333333334,1.1015374328072747,0.4599208072083622
0.5,2,lane_split_window,300,10.547894581841092,10.72615828161382,17.010283818958577,5.607096983196506,10.86429953286047,3.7133333333333334,1.0717909780308739,0.4566760194872181
0.5,2,length_similarity_window,300,12.263645322932817,12.337061288654894,19.780685833539284,7.808391606224598,14.669488226277172,2.7333333333333334,1.0196507112360784,0.4562997481780789
0.5,2,full_rules_continuous,300,12.62422124088581,12.45236504893765,19.86895000195461,8.351384195323833,15.535920922059196,2.513333333333333,1.0172423293519315,0.45153754990984574
0.5,3,fifo_mixed_window,300,10.956616192380057,10.89446989968593,15.45917785266222,3.755446024944995,7.516090111231326,4.52,1.1037514809911049,0.4634089814465093
0.5,3,lane_split_window,300,11.386904291567111,11.264995434866037,17.40690742982373,6.109081723899964,11.146967022745068,3.8466666666666667,1.0633920557900869,0.46231501722574153
0.5,3,length_similarity_window,300,12.995319873173042,12.711768395040423,19.798818500673363,8.010618739442013,14.94848525518563,3.013333333333333,1.0207235312498255,0.46517381280478537
0.5,3,full_rules_continuous,300,13.314828171122842,13.00808576108301,20.669537467217882,8.473258160977496,15.291817903173946,2.8266666666666667,1.0177176195042945,0.46295197827769835
0.5,4,fifo_mixed_window,300,10.067699388957209,10.031476351432623,14.856709587455093,3.5111542578345736,7.1379078818176875,4.713333333333333,1.1004418340994324,0.5513225990912125
0.5,4,lane_split_window,300,10.351798291030185,10.354450986179259,15.922033596621441,5.357116834128721,10.230340720578504,4.226666666666667,1.073858886236265,0.5546973141865369
0.5,4,length_similarity_window,300,12.440655404907432,12.297205538693404,20.215069690449095,7.784009615641384,15.787793692140616,3.1733333333333333,1.0202353103451953,0.5514915825966114
0.5,4,full_rules_continuous,300,12.993521496875568,13.068851422676968,20.167872215024115,8.492543657934236,15.918022892905945,3.006666666666667,1.0190861884660447,0.5442534310564037
0.5,5,fifo_mixed_window,300,11.109332854437625,11.069253393210545,16.040557978556972,4.059315146402187,7.784828363036471,4.446666666666666,1.1007841481079637,0.4793844340866963
0.5,5,lane_split_window,300,11.118022608985237,11.262484619677707,17.000437243860787,5.997714058331131,10.73061503382682,3.973333333333333,1.0671180375190632,0.4820706483279729
0.5,5,length_similarity_window,300,12.843418927146868,12.57725991989571,20.822915420466515,8.027593278231212,15.372665162160422,2.8733333333333335,1.01983419150716,0.4740439724707018
0.5,5,full_rules_continuous,300,12.573447424218926,12.29938563956054,19.423023960978696,7.996140640968982,14.62933581115185,2.84,1.0194292841138182,0.4777285134016074
0.5,6,fifo_mixed_window,300,10.972358435548012,11.544803586509488,15.139820990485953,3.949513458873492,7.316822118015114,5.0,1.1066110344353697,0.5029444284215522
0.5,6,lane_split_window,300,10.93419294568372,10.763636731516343,16.861046105481954,5.860450845799531,10.846412715450455,4.346666666666667,1.0730132292219738,0.5053085006587276
0.5,6,length_similarity_window,300,12.74258304939545,11.892267992548994,20.643934521924827,7.923968632639067,15.737352560620291,3.0,1.0216414885552292,0.4998833685408955
0.5,6,full_rules_continuous,300,13.58582490938251,13.959533591169453,21.33189515285854,9.062840994953637,16.621480438375535,3.0733333333333333,1.018627284246115,0.4994294747638652
0.5,7,fifo_mixed_window,300,10.515740158875275,10.460213555826783,15.113416948324577,3.6389857398093826,7.078926435904444,4.373333333333333,1.1068934820216334,0.5096812179059553
0.5,7,lane_split_window,300,11.333983994754773,11.826227857089023,17.030005339856498,6.302855400819749,11.098671063756694,4.226666666666667,1.0670396530775272,0.503039138877484
0.5,7,length_similarity_window,300,12.848351004620433,12.877230783223695,20.05187637210461,8.268125429853544,14.865304999266444,2.82,1.0193544334147566,0.5014673340180414
0.5,7,full_rules_continuous,300,12.355282263528876,12.264598887246354,19.379873694638135,7.949537541547306,14.831309011618261,2.7866666666666666,1.0178633165205404,0.5014673340180414
0.5,8,fifo_mixed_window,300,10.840748026207912,10.91333811614064,15.271191945009196,3.6583912298150336,7.01865100293681,4.78,1.1058743418808694,0.5076271178688414
0.5,8,lane_split_window,300,11.589898535652209,11.458117622263444,17.927664465351626,6.4028288018067,11.452866503350588,4.006666666666667,1.0719280304076575,0.5086129806782507
0.5,8,length_similarity_window,300,12.680572084229098,12.411480919179233,19.742842033037533,7.727421600365442,14.628302548592826,3.026666666666667,1.021493843836292,0.5059863907480521
0.5,8,full_rules_continuous,300,12.932316356240136,12.830744914943566,19.81403569673815,8.276858520315688,14.585222224096965,2.966666666666667,1.0208060310896405,0.5046195300175562
0.5,9,fifo_mixed_window,300,10.674011830236473,11.14213830189324,14.82634567051042,3.6807964216096676,7.245597667274652,4.293333333333333,1.102015917506934,0.4775116259878102
0.5,9,lane_split_window,300,10.747664700298289,10.947191979985227,16.539837595634793,5.439502215492879,11.195178463856834,3.7733333333333334,1.0672053468257,0.47130541504787427
0.5,9,length_similarity_window,300,11.94076430184676,11.516940492750265,18.818011706323325,6.9747210186627795,12.91042752327378,3.066666666666667,1.0207113908809262,0.4662251097692701
0.5,9,full_rules_continuous,300,12.112156301256912,12.392396168049032,18.19040831226078,7.35688636202039,13.852981543441771,2.8866666666666667,1.019933347790034,0.47562704738907174
0.5,10,fifo_mixed_window,300,10.483896151442343,10.430944841119306,14.622583920003521,3.5848345243146924,6.898629417342423,4.453333333333333,1.1002922333859622,0.4905867560659283
0.5,10,lane_split_window,300,11.074937966287889,10.603659979853518,17.179139321996825,5.854111526475157,10.562107578086323,3.8933333333333335,1.0662853924435547,0.48905375615354485
0.5,10,length_similarity_window,300,12.896255420869513,12.64537335740107,19.231855296971244,7.984160146641534,14.918413803699714,2.953333333333333,1.0196478641964688,0.49356141075332227
0.5,10,full_rules_continuous,300,12.604702109248473,12.575035362363394,18.635202124912276,7.865622394635738,14.828978106956306,2.9133333333333336,1.0182137241329243,0.48899317649580987
0.5,11,fifo_mixed_window,300,10.209176053461798,10.441805163222348,14.403105113596355,3.5794617954528425,7.318774379191889,4.34,1.1063730315691611,0.45216515408666624
0.5,11,lane_split_window,300,10.22513129054641,10.296951381629952,15.837243334059028,5.2674111371212184,10.477485412818972,3.82,1.0712747535706326,0.45216515408666624
0.5,11,length_similarity_window,300,12.644618775504135,12.778233821686442,19.962193555513554,7.956360498295582,15.400816520551329,2.7933333333333334,1.0213097839984209,0.45129393214698255
0.5,11,full_rules_continuous,300,12.430968989880075,12.707405999350897,19.571771205304497,7.997161754053607,15.004554083215925,2.66,1.020391319490357,0.45129393214698255
0.5,12,fifo_mixed_window,300,11.603126003129374,11.863431007065671,16.082149457384006,4.28472119346123,8.2252005086072,5.246666666666667,1.1130242850196699,0.5581429585326152
0.5,12,lane_split_window,300,11.692206416775747,11.903976569389826,16.945191704155196,6.4283768719010865,11.192812534969429,4.54,1.0677876531796906,0.5593868213902087
0.5,12,length_similarity_window,300,13.295088948000233,13.159120697983013,21.42193107913596,8.332637016578172,15.641274110657434,3.526666666666667,1.0249931392684,0.5577194620835371
0.5,12,full_rules_continuous,300,14.14276544044939,14.050273139709011,21.109878870662566,9.3906931854646,17.291214818551623,3.3066666666666666,1.0230495312732057,0.5513991883362384
0.5,13,fifo_mixed_window,300,10.85000917360489,11.203008356509997,15.886622726221969,3.9079365473353325,8.268944658794753,4.1466666666666665,1.097706051656623,0.455262691206451
0.5,13,lane_split_window,300,11.309709396719768,11.556006704326578,17.347039388780154,6.112758137704706,11.467048890012084,3.8,1.0620169321508046,0.4555437259365906
0.5,13,length_similarity_window,300,12.164177997499715,11.63942752178184,19.58416426735438,7.250377994046377,15.124950194360451,2.62,1.0197911671759505,0.4532083797980162
0.5,13,full_rules_continuous,300,13.311839282985606,13.00888560885457,21.4292512148325,8.523776329086244,15.752459920255868,2.6,1.0181706606489762,0.4503739155183308
0.5,14,fifo_mixed_window,300,10.160702087020569,10.064337948541478,15.485206664024703,3.4573781493187803,7.554638860629667,4.72,1.10125605481465,0.47193471252096114
0.5,14,lane_split_window,300,10.679155967498012,10.585194181679128,17.533144797101663,5.730573069418797,11.80832112669769,4.22,1.075328706112948,0.47146225806781844
0.5,14,length_similarity_window,300,12.089525688556286,11.835789514177236,20.007612438939248,7.522203319408305,15.441072172491813,2.8533333333333335,1.0212753887870543,0.4702021910120723
0.5,14,full_rules_continuous,300,12.465152686868038,12.044609714092857,20.064023954211283,8.099166789354348,16.055063473723504,2.7066666666666666,1.0178525187536145,0.46981466276788236
0.5,15,fifo_mixed_window,300,11.703497966449278,11.829322126222081,16.615320856981107,4.4266289207997005,8.186223493910434,4.993333333333333,1.101751311114297,0.4973182443754925
0.5,15,lane_split_window,300,11.410168527059744,11.741778683715765,17.493308250872,6.116462657458626,11.26209687101108,3.9266666666666667,1.0656360824908298,0.49052491416312616
0.5,15,length_similarity_window,300,13.753133449436767,13.96556591671333,21.51777555790143,8.597006794294394,16.3364372151936,3.3266666666666667,1.0229106257596063,0.4930217956746211
0.5,15,full_rules_continuous,300,13.21792075170756,13.718391292409109,19.823729406867752,8.491367974707249,15.558507446747686,2.98,1.018912832802395,0.4914164960535985
0.5,16,fifo_mixed_window,300,11.275454943637023,11.24390988080006,16.236411316454543,3.966998065253922,7.575287010665171,4.593333333333334,1.1116163903842582,0.4800976955734752
0.5,16,lane_split_window,300,10.473615204483183,9.739923238255287,16.888911077734292,5.35620549741471,11.606582333775078,4.02,1.0708343546688548,0.4838908244779289
0.5,16,length_similarity_window,300,12.983171986152692,12.55630948591832,21.39168513643414,8.118514678742605,16.653030464295746,2.8533333333333335,1.0228791191050115,0.4815311353746927
0.5,16,full_rules_continuous,300,13.099232978157346,13.073870542010923,20.14579870490318,8.506161559204704,15.716397807525837,2.7333333333333334,1.018916750376608,0.4768724315285221
0.5,17,fifo_mixed_window,300,10.980374837033738,11.171866023506794,15.515438587900462,3.8191137767138557,7.727217460315501,4.62,1.1118609845792502,0.498249903803269
0.5,17,lane_split_window,300,10.911675671548313,10.870433275062304,17.74707977357403,5.860305389223231,11.232846723724363,4.0,1.073575858361508,0.49431429821742834
0.5,17,length_similarity_window,300,13.009534742900302,12.379074998611912,21.308417295830992,8.321719214897836,16.921900281981465,2.72,1.021120596045245,0.49332600643747687
0.5,17,full_rules_continuous,300,12.425140158143492,12.424999294019113,20.15391256409187,7.9964253948675585,16.2397034770678,2.68,1.019673393787974,0.4928174156066337
0.5,18,fifo_mixed_window,300,10.201887193016029,10.445813587459241,15.07311119855429,3.32831008455359,7.417320307025168,4.386666666666667,1.1060646612670746,0.49532647287751214
0.5,18,lane_split_window,300,10.560493159579948,10.704628020677639,16.349532852105238,5.507813190266455,10.676657759760804,4.04,1.073722238508712,0.49514221354689897
0.5,18,length_similarity_window,300,13.151129636031616,13.085775960257365,21.24518076799988,8.449336410445994,16.114306820172988,3.02,1.021629866089474,0.49255817622089376
0.5,18,full_rules_continuous,300,12.795807341842506,12.545762814274553,20.800579673510892,8.325921604127815,15.755010371886046,2.76,1.0198847431243514,0.49255817622089376
0.5,19,fifo_mixed_window,300,10.144887455027954,9.884917859818287,15.465955519721954,3.5637220431498395,7.533723880621163,4.4,1.102043991975672,0.5005701400821949
0.5,19,lane_split_window,300,10.516652749727273,10.76619106160885,15.751035707317191,5.468737492589776,10.645756818999093,4.16,1.0776226994022584,0.4971688815069067
0.5,19,length_similarity_window,300,12.083064953161253,12.126858403141412,18.80313774099103,7.3778333105802725,14.064854054682348,3.013333333333333,1.0213495863160544,0.4971688815069067
0.5,19,full_rules_continuous,300,12.353771776948609,12.635980978831189,19.37980058168589,7.978784405448787,14.684592412481079,2.8733333333333335,1.0187846685466098,0.4968564561813076
0.5,20,fifo_mixed_window,300,10.516791494778158,10.738345028851619,15.444396447290746,3.5527243466590743,7.269924219222535,4.08,1.1016160619393622,0.4393204793958727
0.5,20,lane_split_window,300,10.72791231152832,10.911347358692495,17.077361645078568,5.606065201002906,10.742921665286234,3.7266666666666666,1.0658750031359931,0.43967529576190595
0.5,20,length_similarity_window,300,12.243645481036678,11.453224488121464,19.77691281673675,7.372744133853095,15.82947984344599,2.7666666666666666,1.0209414687063099,0.43516976943071234
0.5,20,full_rules_continuous,300,12.931555334776181,12.869772067307508,20.323363445596353,8.258294643347488,16.324075643898592,2.54,1.0177543633993957,0.43619009621534793
0.5,21,fifo_mixed_window,300,9.820779668733893,9.975918882288688,14.078812725059798,3.388059562965199,6.647440926253775,4.56,1.100497013346087,0.507029893596996
0.5,21,lane_split_window,300,10.710761130806883,10.873625475261122,16.475057906043734,5.610461060085029,10.449703211243001,4.166666666666667,1.0713212152852996,0.5034002888171434
0.5,21,length_similarity_window,300,12.551981878736616,12.649754489070201,20.0817694721834,8.003534371745042,15.593050183953142,3.2466666666666666,1.019892859537643,0.49982220784718195
0.5,21,full_rules_continuous,300,12.640897913688475,12.88835751071997,19.928221906088027,8.253752410744745,14.725362466892706,2.96,1.0180350773160756,0.4985295712258571
0.5,22,fifo_mixed_window,300,10.857322321682437,10.684514663751079,15.065575359652248,3.762495867993874,7.42752676463598,4.72,1.1103535020029673,0.5111110641301503
0.5,22,lane_split_window,300,11.436569297723596,11.352013175507238,17.26681780948644,6.1234338031293865,11.528541137869372,4.426666666666667,1.0685206488556545,0.5053970447859009
0.5,22,length_similarity_window,300,13.167699087306376,13.258374662294244,20.416876461123273,8.318658342716668,14.996859000845665,3.0733333333333333,1.0213222567443632,0.5106386168641264
0.5,22,full_rules_continuous,300,13.582605201823,13.907241120796904,21.15827958694247,8.979401552093396,16.741486235303935,2.953333333333333,1.0171090832078364,0.5041584656622748
0.5,23,fifo_mixed_window,300,10.777875977412595,11.10839716181684,15.744109878887253,3.698406494438565,7.625696235763091,4.586666666666667,1.1099396149916645,0.4944259808841382
0.5,23,lane_split_window,300,11.215376286654443,11.064116094649336,17.465911997310997,6.038972672496075,11.470177377996649,3.7933333333333334,1.0665996076711075,0.49322014228222666
0.5,23,length_similarity_window,300,12.94475421992772,12.802853825485244,19.764094934019738,8.068782568977083,15.424480786138362,2.9266666666666667,1.0200395360698928,0.4908116375712717
0.5,23,full_rules_continuous,300,13.025772513324052,13.0573389788984,21.220917594336488,8.437017776554919,16.364378164842826,2.8266666666666667,1.0181691859385398,0.487201703055822
0.5,24,fifo_mixed_window,300,10.62822307391483,10.652296665938422,15.633899065483291,3.587624960930796,7.573977752668656,4.22,1.1008821434136333,0.4672457922193779
0.5,24,lane_split_window,300,10.963788709763714,10.97898584364988,17.305800800624368,5.755877049416807,11.07851661474154,3.8866666666666667,1.0694335004137694,0.465882767996547
0.5,24,length_similarity_window,300,13.944343761125877,13.92664745972148,21.899996704586528,8.896775296695921,16.757048214136365,2.8466666666666667,1.0230018452980467,0.4660410883211672
0.5,24,full_rules_continuous,300,13.895876317257352,13.755175713971767,21.651071140432407,9.183367859955746,16.834665690886723,2.76,1.0190786529217462,0.46100649605100325
