condition,task,sample_id,seed,k,max_new_tokens,latency_s,draft_elapsed_s,verify_elapsed_s,ttft_ms,num_tokens,alpha,B_eff,gpu_stream_pipeline,gpu_stable_step_shapes,gpu_graph_capture,output_hash,output_text
gpu_opt_off,gsm8k,gsm8k_2,2026,8,64,5.8932,5.043115,0.820488,278.26,64,0.2529,1.95,False,False,disabled,5a07842c79ef26a93eccbdd6bac040d3ed88621b314d4d0c25deffa8edb2d70e,"  (Note: Profit is calculated as the selling price minus the cost of the house and repairs.)

To solve this, first, we need to find the value of the house after the repairs.  The original value of the house was $80,000, and the repairs increased its value by 1"
gpu_opt_off,gsm8k,gsm8k_11,2027,8,64,4.8602,4.167906,0.667143,280.17,64,0.3172,2.42,False,False,disabled,5bff822eee3a52337771efc9b521cadbdb760e9c2ceba10a6d81800d1b2f29e4," 

Okay, let's see. Toula bought different pastries, and I need to calculate the total cost. Let me break it down step by step.

First, she bought 3 dozen donuts. Each dozen costs $68. So, for the donuts, I should multiply the number of dozens by"
gpu_opt_off,gsm8k,gsm8k_15,2028,8,64,6.2375,5.308385,0.893708,261.4,64,0.1805,1.37,False,False,disabled,0abe22d1098218e566b4f4bca0c2e8ac1f227e305868dea3a8cdfe32046afe22," (Assume that the merchant has enough money to buy either item, and that the value of the item will increase as per the market prediction.)

To solve this problem, we need to calculate the profit for each option and then choose the one with the higher profit. The profit for each option is the increase in value of"
gpu_opt_off,gsm8k,gsm8k_21,2029,8,64,4.1038,3.474198,0.607101,241.81,64,0.3433,2.56,False,False,disabled,7c385715f580f5b7c3b60124cc28ba9e89b05391a6fad74e5d46085c6ff73e9a," Let's solve this problem step by step, and make sure to explain our reasoning.

Okay, let's see. So the problem is about Raymond and Samantha, who are cousins. Raymond was born 6 years before Samantha. Then, Raymond had a son at the age of 23. Now, Samantha is "
gpu_opt_off,mmlu,mmlu_abstract_algebra_0,2030,8,64,3.545,3.010981,0.515594,260.03,64,0.4336,3.27,False,False,disabled,9a9eb9a6ae8cd4227e175eea9840cd512d35db78b323dcceb04da8d9a5e63da7," The degree of the field extension Q(sqrt(2), sqrt(3), sqrt(18)) over Q is 2. The correct answer is C.
The degree of the field extension Q(sqrt(2), sqrt(3), sqrt(18)) over Q is 2. The correct answer is C.

"
gpu_opt_off,mmlu,mmlu_abstract_algebra_1,2031,8,64,4.7769,4.059603,0.690427,247.49,64,0.275,2.1,False,False,disabled,ba8b21f55db9e3c55051845c2ceaa7b7292f5621050d21529d62c500a91eb86c," The index of a subgroup H in a group G is the number of distinct left cosets of H in G. In this case, the group is S_5, the symmetric group on 5 elements, and H is the cyclic subgroup generated by p. The index is equal to the order of G divided by the"
gpu_opt_off,mmlu,mmlu_abstract_algebra_2,2032,8,64,3.8253,3.226069,0.576681,240.14,64,0.3588,2.61,False,False,disabled,cedf965ea6b8da8abe3f49fc89927028e100d0f261deca89cd0bd144c5e81f95," C. 0,1

Step-by-Step Explanation:
To find the zeros of the polynomial $ f(x) = x^5 + 3x^3 + x^2 + 2x $ in $ \mathbb{Z}_5 $, we evaluate $ f(x) $ for each element"
gpu_opt_off,mmlu,mmlu_abstract_algebra_3,2033,8,64,5.4509,4.595837,0.822283,243.52,64,0.212,1.56,False,False,disabled,c806615dd8357ddb107479c4505d5cfaaf209350e5d3368be06fa9e096fd99b2," D. False, True

Statement 1 is false because a factor group (quotient group) of a non-Abelian group can be Abelian. For example, consider the symmetric group S3, which is non-Abelian. Its commutator subgroup is A3 (the alternating group), and the"
gpu_opt_off,cnndm,cnndm_3,2034,8,64,4.6255,3.824576,0.770136,274.17,64,0.2745,1.91,False,False,disabled,651bb601a229b97c70a8320ffd3ea69c452d57b2054bc0c0fd4c13abf2540c39," 

Five American clinicians, part of Partners in Health, were monitored for three weeks at an Omaha hospital after being exposed to Ebola in Sierra Leone in March, but none developed the virus. One had a heart issue and remains in the area, while the others have been released. The infected colleague they contacted is recovering at NIH"
gpu_opt_off,cnndm,cnndm_31,2035,8,64,8.1344,6.129983,1.962609,1421.32,64,0.1441,1.1,False,False,disabled,024c9aba83c2db1d98d6ce2eff7575cda139502f6d6b40c950ebd9336c2878a5," The article discusses several real-life accounts of individuals surviving extreme situations at sea, highlighting their resilience and the role of luck. Louis Jordan survived a boat capsize and was rescued after weeks at sea, using ingenuity to survive. Jose Salvador Alvarenga endured over a year adrift in the Pacific, surviving on rainwater"
gpu_opt_off,cnndm,cnndm_70,2036,8,64,4.5243,3.820987,0.675858,265.33,64,0.2961,2.37,False,False,disabled,fdad61cbcf98893138de14d404bb985904907823bb7e7713ef4dc312aaf6a944," A nuclear submarine undergoing repairs at the Zvyozdochka shipyard in Russia caught fire, according to a law enforcement source. The fire occurred during welding work and involved rubber insulation, with no nuclear fuel or dangerous materials on board. The submarine, which had been in repair since November 2013, was"
gpu_opt_off,cnndm,cnndm_165,2037,8,64,5.2232,4.205654,0.990157,613.09,64,0.2575,2.05,False,False,disabled,9196d49043918cfd5e0f783fdaf45557f33290223297d9b0993afe6439639b2f," Jia Jiang, a Chinese-born American entrepreneur, embarked on a 100-day project to confront rejection by asking strangers for things, aiming to overcome his fear and help others. His project, ""100 Days of Rejection,"" led to viral success, including a challenge with a Krispy Kreme manager"
gpu_opt_on,gsm8k,gsm8k_2,2026,8,64,15.4283,13.069743,2.29255,239.95,64,0.0,0.0,True,True,disabled,5a07842c79ef26a93eccbdd6bac040d3ed88621b314d4d0c25deffa8edb2d70e,"  (Note: Profit is calculated as the selling price minus the cost of the house and repairs.)

To solve this, first, we need to find the value of the house after the repairs.  The original value of the house was $80,000, and the repairs increased its value by 1"
gpu_opt_on,gsm8k,gsm8k_11,2027,8,64,14.4943,12.210616,2.218919,248.38,64,0.0,0.0,True,True,disabled,5bff822eee3a52337771efc9b521cadbdb760e9c2ceba10a6d81800d1b2f29e4," 

Okay, let's see. Toula bought different pastries, and I need to calculate the total cost. Let me break it down step by step.

First, she bought 3 dozen donuts. Each dozen costs $68. So, for the donuts, I should multiply the number of dozens by"
gpu_opt_on,gsm8k,gsm8k_15,2028,8,64,14.6612,12.334675,2.260743,250.28,64,0.0,0.0,True,True,disabled,0abe22d1098218e566b4f4bca0c2e8ac1f227e305868dea3a8cdfe32046afe22," (Assume that the merchant has enough money to buy either item, and that the value of the item will increase as per the market prediction.)

To solve this problem, we need to calculate the profit for each option and then choose the one with the higher profit. The profit for each option is the increase in value of"
gpu_opt_on,gsm8k,gsm8k_21,2029,8,64,14.4478,12.133896,2.24775,257.43,64,0.0,0.0,True,True,disabled,7c385715f580f5b7c3b60124cc28ba9e89b05391a6fad74e5d46085c6ff73e9a," Let's solve this problem step by step, and make sure to explain our reasoning.

Okay, let's see. So the problem is about Raymond and Samantha, who are cousins. Raymond was born 6 years before Samantha. Then, Raymond had a son at the age of 23. Now, Samantha is "
gpu_opt_on,mmlu,mmlu_abstract_algebra_0,2030,8,64,14.9965,12.609321,2.321158,240.14,64,0.0,0.0,True,True,disabled,9a9eb9a6ae8cd4227e175eea9840cd512d35db78b323dcceb04da8d9a5e63da7," The degree of the field extension Q(sqrt(2), sqrt(3), sqrt(18)) over Q is 2. The correct answer is C.
The degree of the field extension Q(sqrt(2), sqrt(3), sqrt(18)) over Q is 2. The correct answer is C.

"
gpu_opt_on,mmlu,mmlu_abstract_algebra_1,2031,8,64,16.3245,13.729857,2.523779,251.83,64,0.0,0.0,True,True,disabled,ba8b21f55db9e3c55051845c2ceaa7b7292f5621050d21529d62c500a91eb86c," The index of a subgroup H in a group G is the number of distinct left cosets of H in G. In this case, the group is S_5, the symmetric group on 5 elements, and H is the cyclic subgroup generated by p. The index is equal to the order of G divided by the"
gpu_opt_on,mmlu,mmlu_abstract_algebra_2,2032,8,64,14.5778,12.259993,2.253331,245.14,64,0.0042,0.03,True,True,disabled,cedf965ea6b8da8abe3f49fc89927028e100d0f261deca89cd0bd144c5e81f95," C. 0,1

Step-by-Step Explanation:
To find the zeros of the polynomial $ f(x) = x^5 + 3x^3 + x^2 + 2x $ in $ \mathbb{Z}_5 $, we evaluate $ f(x) $ for each element"
gpu_opt_on,mmlu,mmlu_abstract_algebra_3,2033,8,64,15.1078,12.747484,2.296036,325.27,64,0.0042,0.03,True,True,disabled,c806615dd8357ddb107479c4505d5cfaaf209350e5d3368be06fa9e096fd99b2," D. False, True

Statement 1 is false because a factor group (quotient group) of a non-Abelian group can be Abelian. For example, consider the symmetric group S3, which is non-Abelian. Its commutator subgroup is A3 (the alternating group), and the"
gpu_opt_on,cnndm,cnndm_3,2034,8,64,13.2079,11.096058,2.054108,308.52,64,0.0278,0.21,True,True,disabled,651bb601a229b97c70a8320ffd3ea69c452d57b2054bc0c0fd4c13abf2540c39," 

Five American clinicians, part of Partners in Health, were monitored for three weeks at an Omaha hospital after being exposed to Ebola in Sierra Leone in March, but none developed the virus. One had a heart issue and remains in the area, while the others have been released. The infected colleague they contacted is recovering at NIH"
gpu_opt_on,cnndm,cnndm_31,2035,8,64,18.1052,14.503536,3.528148,1557.41,64,0.0,0.0,True,True,disabled,024c9aba83c2db1d98d6ce2eff7575cda139502f6d6b40c950ebd9336c2878a5," The article discusses several real-life accounts of individuals surviving extreme situations at sea, highlighting their resilience and the role of luck. Louis Jordan survived a boat capsize and was rescued after weeks at sea, using ingenuity to survive. Jose Salvador Alvarenga endured over a year adrift in the Pacific, surviving on rainwater"
gpu_opt_on,cnndm,cnndm_70,2036,8,64,14.4165,12.093642,2.255985,277.02,64,0.0,0.0,True,True,disabled,fdad61cbcf98893138de14d404bb985904907823bb7e7713ef4dc312aaf6a944," A nuclear submarine undergoing repairs at the Zvyozdochka shipyard in Russia caught fire, according to a law enforcement source. The fire occurred during welding work and involved rubber insulation, with no nuclear fuel or dangerous materials on board. The submarine, which had been in repair since November 2013, was"
gpu_opt_on,cnndm,cnndm_165,2037,8,64,14.727,12.088724,2.57343,671.43,64,0.0,0.0,True,True,disabled,9196d49043918cfd5e0f783fdaf45557f33290223297d9b0993afe6439639b2f," Jia Jiang, a Chinese-born American entrepreneur, embarked on a 100-day project to confront rejection by asking strangers for things, aiming to overcome his fear and help others. His project, ""100 Days of Rejection,"" led to viral success, including a challenge with a Krispy Kreme manager"
