regime,rescue_alpha,window_size,cooling_tokens,speedup_mean,speedup_std,ttft_s_mean,ttft_s_std,tpot_s_mean,tpot_s_std,p99_latency_s_mean,p99_latency_s_std,accepted_block_mean_mean,accepted_block_mean_std,rouge_l_mean,rouge_l_std,bleu_mean,bleu_std,bertscore_mean,bertscore_std
det,0.2,5,10,2.1477978127836157,0.008844637179719866,0.04925515266000116,0.00044689658098728005,0.003284525947747405,2.3320917838834504e-05,0.44077113955351094,0.005602933746183035,8.672748606948607,0.02236376419455543,0.9151935139573071,0.008686849682183579,0.7511031663800487,0.024199960594044626,0.9151935139573071,0.008686849682183579
det,0.2,5,20,2.1477978127836157,0.008844637179719866,0.04925515266000116,0.00044689658098728005,0.003284525947747405,2.3320917838834504e-05,0.44077113955351094,0.005602933746183035,8.672748606948607,0.02236376419455543,0.9151935139573071,0.008686849682183579,0.7511031663800487,0.024199960594044626,0.9151935139573071,0.008686849682183579
det,0.2,5,50,2.1477978127836157,0.008844637179719866,0.04925515266000116,0.00044689658098728005,0.003284525947747405,2.3320917838834504e-05,0.44077113955351094,0.005602933746183035,8.672748606948607,0.02236376419455543,0.9151935139573071,0.008686849682183579,0.7511031663800487,0.024199960594044626,0.9151935139573071,0.008686849682183579
det,0.2,10,10,2.1477978127836157,0.008844637179719866,0.04925515266000116,0.00044689658098728005,0.003284525947747405,2.3320917838834504e-05,0.44077113955351094,0.005602933746183035,8.672748606948607,0.02236376419455543,0.9151935139573071,0.008686849682183579,0.7511031663800487,0.024199960594044626,0.9151935139573071,0.008686849682183579
det,0.2,10,20,2.1477978127836157,0.008844637179719866,0.04925515266000116,0.00044689658098728005,0.003284525947747405,2.3320917838834504e-05,0.44077113955351094,0.005602933746183035,8.672748606948607,0.02236376419455543,0.9151935139573071,0.008686849682183579,0.7511031663800487,0.024199960594044626,0.9151935139573071,0.008686849682183579
det,0.2,10,50,2.1477978127836157,0.008844637179719866,0.04925515266000116,0.00044689658098728005,0.003284525947747405,2.3320917838834504e-05,0.44077113955351094,0.005602933746183035,8.672748606948607,0.02236376419455543,0.9151935139573071,0.008686849682183579,0.7511031663800487,0.024199960594044626,0.9151935139573071,0.008686849682183579
det,0.2,20,10,2.1477978127836157,0.008844637179719866,0.04925515266000116,0.00044689658098728005,0.003284525947747405,2.3320917838834504e-05,0.44077113955351094,0.005602933746183035,8.672748606948607,0.02236376419455543,0.9151935139573071,0.008686849682183579,0.7511031663800487,0.024199960594044626,0.9151935139573071,0.008686849682183579
det,0.2,20,20,2.1477978127836157,0.008844637179719866,0.04925515266000116,0.00044689658098728005,0.003284525947747405,2.3320917838834504e-05,0.44077113955351094,0.005602933746183035,8.672748606948607,0.02236376419455543,0.9151935139573071,0.008686849682183579,0.7511031663800487,0.024199960594044626,0.9151935139573071,0.008686849682183579
det,0.2,20,50,2.1477978127836157,0.008844637179719866,0.04925515266000116,0.00044689658098728005,0.003284525947747405,2.3320917838834504e-05,0.44077113955351094,0.005602933746183035,8.672748606948607,0.02236376419455543,0.9151935139573071,0.008686849682183579,0.7511031663800487,0.024199960594044626,0.9151935139573071,0.008686849682183579
det,0.4,5,10,2.2188514180234953,0.034678764656114136,0.04939366585086604,0.0005170598314703074,0.0031611335817915316,2.7818457878993296e-05,0.41490303976794507,0.004794845746570662,7.538416644260453,0.09889471655516834,0.9115691138301816,0.006466248193345541,0.7462587483068385,0.026566311394239896,0.9115691138301816,0.006466248193345541
det,0.4,5,20,2.2188514180234953,0.034678764656114136,0.04939366585086604,0.0005170598314703074,0.0031611335817915316,2.7818457878993296e-05,0.41490303976794507,0.004794845746570662,7.538416644260453,0.09889471655516834,0.9115691138301816,0.006466248193345541,0.7462587483068385,0.026566311394239896,0.9115691138301816,0.006466248193345541
det,0.4,5,50,2.2188514180234953,0.034678764656114136,0.04939366585086604,0.0005170598314703074,0.0031611335817915316,2.7818457878993296e-05,0.41490303976794507,0.004794845746570662,7.538416644260453,0.09889471655516834,0.9115691138301816,0.006466248193345541,0.7462587483068385,0.026566311394239896,0.9115691138301816,0.006466248193345541
det,0.4,10,10,2.2099614704722983,0.045748352647815724,0.04936583191073577,0.00016179229498182473,0.0031727965447355642,2.721440727363861e-05,0.4193900385115086,0.0061983114953481945,7.674314943999929,0.05867396967253884,0.9059536336670375,0.008428205395779825,0.7345540878856692,0.021685243728956336,0.9059536336670375,0.008428205395779825
det,0.4,10,20,2.2099614704722983,0.045748352647815724,0.04936583191073577,0.00016179229498182473,0.0031727965447355642,2.721440727363861e-05,0.4193900385115086,0.0061983114953481945,7.674314943999929,0.05867396967253884,0.9059536336670375,0.008428205395779825,0.7345540878856692,0.021685243728956336,0.9059536336670375,0.008428205395779825
det,0.4,10,50,2.2099614704722983,0.045748352647815724,0.04936583191073577,0.00016179229498182473,0.0031727965447355642,2.721440727363861e-05,0.4193900385115086,0.0061983114953481945,7.674314943999929,0.05867396967253884,0.9059536336670375,0.008428205395779825,0.7345540878856692,0.021685243728956336,0.9059536336670375,0.008428205395779825
det,0.4,20,10,2.204761399709702,0.014804060465419235,0.049490887881969294,0.0002013893312760488,0.003180076889742258,1.3881471547886157e-05,0.41970631689307325,0.00315274269975556,7.683880888549988,0.061709574104942704,0.9058484427141268,0.01210268102396787,0.7331777139001274,0.028174278880626857,0.9058484427141268,0.01210268102396787
det,0.4,20,20,2.204761399709702,0.014804060465419235,0.049490887881969294,0.0002013893312760488,0.003180076889742258,1.3881471547886157e-05,0.41970631689307325,0.00315274269975556,7.683880888549988,0.061709574104942704,0.9058484427141268,0.01210268102396787,0.7331777139001274,0.028174278880626857,0.9058484427141268,0.01210268102396787
det,0.4,20,50,2.204761399709702,0.014804060465419235,0.049490887881969294,0.0002013893312760488,0.003180076889742258,1.3881471547886157e-05,0.41970631689307325,0.00315274269975556,7.683880888549988,0.061709574104942704,0.9058484427141268,0.01210268102396787,0.7331777139001274,0.028174278880626857,0.9058484427141268,0.01210268102396787
det,0.6,5,10,2.3223367765880223,0.029630476363920872,0.04925741900985169,0.0006297191692089999,0.0029506035331604012,2.386782701204914e-05,0.39833495930514085,0.006820327449596103,5.212843346054408,0.04645451813404247,0.9057356692621431,0.013181960775979447,0.7372197490992728,0.028313336984073526,0.9057356692621431,0.013181960775979447
det,0.6,5,20,2.3456083973016106,0.026448680675529905,0.04933888236335474,0.0004236066146340286,0.0029499395404024103,1.3605520998984326e-05,0.4006184126409182,0.005438435528542425,5.126951103664637,0.08161342853181534,0.9081696514645904,0.0063969026212327175,0.7392419339814857,0.012803612936961523,0.9081696514645904,0.0063969026212327175
det,0.6,5,50,2.348335702142878,0.025587760057267973,0.04950349943083655,0.0004093256020720988,0.0029467788760169367,1.5885350650114096e-05,0.40001487048883977,0.0016099419372776562,5.11297661086514,0.10302492906965321,0.9076836299592139,0.013202471558986408,0.7414780056461119,0.04242027587882742,0.9076836299592139,0.013202471558986408
det,0.6,10,10,2.3233844283350207,0.022661629330892857,0.04960492107292145,0.0002483276963893219,0.0029407885911790803,1.25656133144281e-05,0.4004913399610632,0.0019591331504512587,5.197187262699201,0.06280192517860746,0.9056625777612985,0.010352087175339432,0.731384922838235,0.037048621561207994,0.9056625777612985,0.010352087175339432
det,0.6,10,20,2.3134927633585134,0.034777977715791816,0.049496559737329734,0.00044394054923693684,0.0029398367878588393,2.3181981918056532e-05,0.4006854764672295,0.0046781605586308644,5.19129943260141,0.06008501278075509,0.9069967503575402,0.008506100513780273,0.7354308000790355,0.02962435078400129,0.9069967503575402,0.008506100513780273
det,0.6,10,50,2.338894015792921,0.028302540323189122,0.04954045283291977,0.0005733151663470537,0.002958480764896642,1.0378169792281939e-05,0.40047145770065573,0.006106050927530864,5.094811622962641,0.09552828417866602,0.9065927697441601,0.01328738561338359,0.74321886407853,0.036289540731411815,0.9065927697441601,0.01328738561338359
det,0.6,20,10,2.31169051973841,0.017254562228267704,0.04949267194416531,0.00040596634616582805,0.0029455868026598614,2.7426725878760814e-05,0.3997516328489449,0.004341043033848036,5.16061483343412,0.12364995319998491,0.9172174294189311,0.010983720121043705,0.7625739700231886,0.03792455796350661,0.9172174294189311,0.010983720121043705
det,0.6,20,20,2.323299321917756,0.018846398986045346,0.049435578355935185,0.0002951533273097032,0.0029432459120404724,2.0348847039963325e-05,0.4025778131949348,0.0033934083769664113,5.135864578577498,0.11077529313755897,0.9070022379363314,0.012565039866290605,0.7342892076138618,0.04297241331228188,0.9070022379363314,0.012565039866290605
det,0.6,20,50,2.331302912659227,0.03648207924820987,0.0495419241991487,0.0005447267247885139,0.0029437837774792994,9.115558600328697e-06,0.4017983757466186,0.0051540628170811805,5.0971580012670685,0.08875787736803635,0.9107459955506118,0.007511920663008779,0.7542059123734648,0.01747885178673852,0.9107459955506118,0.007511920663008779
det,0.8,5,10,2.3560995600178747,0.03093532599142592,0.04933079593064412,0.0005076264917315284,0.0029036388967758854,8.752504983610026e-06,0.39449702038130263,0.004547585688520659,3.0836421179477917,0.020804141792978046,0.9082113538852694,0.007401187942540104,0.7367255018333078,0.015381899824692468,0.9082113538852694,0.007401187942540104
det,0.8,5,20,2.359955288148705,0.035853954375452635,0.049303363667502556,0.0004795591356510106,0.0029029579712214,8.807779856637701e-06,0.39449702038130263,0.004547585688520659,3.0827524333029346,0.01934076478782508,0.9079532893691404,0.007783681462773369,0.7364648500564801,0.015578816668559306,0.9079532893691404,0.007783681462773369
det,0.8,5,50,2.359955288148705,0.035853954375452635,0.049303363667502556,0.0004795591356510106,0.0029029579712214,8.807779856637701e-06,0.39449702038130263,0.004547585688520659,3.0827524333029346,0.01934076478782508,0.9079532893691404,0.007783681462773369,0.7364648500564801,0.015578816668559306,0.9079532893691404,0.007783681462773369
det,0.8,10,10,2.357783748742438,0.038763597803568896,0.04929933128263262,0.0004876822025642803,0.0029032275006331647,8.771669853148713e-06,0.39427826921487286,0.00493980299993326,3.0856312211817225,0.023104434594583164,0.9080737194766672,0.007914440280445512,0.7366565250772787,0.015449484775380702,0.9080737194766672,0.007914440280445512
det,0.8,10,20,2.357783748742438,0.038763597803568896,0.04929933128263262,0.0004876822025642803,0.0029032275006331647,8.771669853148713e-06,0.39427826921487286,0.00493980299993326,3.0856312211817225,0.023104434594583164,0.9080737194766672,0.007914440280445512,0.7366565250772787,0.015449484775380702,0.9080737194766672,0.007914440280445512
det,0.8,10,50,2.357783748742438,0.038763597803568896,0.04929933128263262,0.0004876822025642803,0.0029032275006331647,8.771669853148713e-06,0.39427826921487286,0.00493980299993326,3.0856312211817225,0.023104434594583164,0.9080737194766672,0.007914440280445512,0.7366565250772787,0.015449484775380702,0.9080737194766672,0.007914440280445512
det,0.8,20,10,2.357783748742438,0.038763597803568896,0.04929933128263262,0.0004876822025642803,0.0029032275006331647,8.771669853148713e-06,0.39427826921487286,0.00493980299993326,3.0856312211817225,0.023104434594583164,0.9080737194766672,0.007914440280445512,0.7366565250772787,0.015449484775380702,0.9080737194766672,0.007914440280445512
det,0.8,20,20,2.357783748742438,0.038763597803568896,0.04929933128263262,0.0004876822025642803,0.0029032275006331647,8.771669853148713e-06,0.39427826921487286,0.00493980299993326,3.0856312211817225,0.023104434594583164,0.9080737194766672,0.007914440280445512,0.7366565250772787,0.015449484775380702,0.9080737194766672,0.007914440280445512
det,0.8,20,50,2.357783748742438,0.038763597803568896,0.04929933128263262,0.0004876822025642803,0.0029032275006331647,8.771669853148713e-06,0.39427826921487286,0.00493980299993326,3.0856312211817225,0.023104434594583164,0.9080737194766672,0.007914440280445512,0.7366565250772787,0.015449484775380702,0.9080737194766672,0.007914440280445512
stoch,0.2,5,10,1.776342571758785,0.012715537834363648,0.04940293271347228,0.00036646726832281876,0.004110503055946209,2.896384092010256e-05,0.5433579939114888,0.009565234982450798,6.060084090284862,0.03498600815787419,0.8698796308067165,0.0170705383140252,0.6532852235168173,0.04809326367857751,0.8698796308067165,0.0170705383140252
stoch,0.2,5,20,1.776342571758785,0.012715537834363648,0.04940293271347228,0.00036646726832281876,0.004110503055946209,2.896384092010256e-05,0.5433579939114888,0.009565234982450798,6.060084090284862,0.03498600815787419,0.8698796308067165,0.0170705383140252,0.6532852235168173,0.04809326367857751,0.8698796308067165,0.0170705383140252
stoch,0.2,5,50,1.776342571758785,0.012715537834363648,0.04940293271347228,0.00036646726832281876,0.004110503055946209,2.896384092010256e-05,0.5433579939114888,0.009565234982450798,6.060084090284862,0.03498600815787419,0.8698796308067165,0.0170705383140252,0.6532852235168173,0.04809326367857751,0.8698796308067165,0.0170705383140252
stoch,0.2,10,10,1.7622090352560806,0.019253750456922892,0.049434844100422724,0.00034889060406366625,0.004125900574247696,1.807021213987194e-05,0.5430375203653025,0.005824108173560459,6.107601283763474,0.022218219120662023,0.8785970416865301,0.00035950960926731465,0.6713208304981038,0.010508761695180339,0.8785970416865301,0.00035950960926731465
stoch,0.2,10,20,1.7622090352560806,0.019253750456922892,0.049434844100422724,0.00034889060406366625,0.004125900574247696,1.807021213987194e-05,0.5430375203653025,0.005824108173560459,6.107601283763474,0.022218219120662023,0.8785970416865301,0.00035950960926731465,0.6713208304981038,0.010508761695180339,0.8785970416865301,0.00035950960926731465
stoch,0.2,10,50,1.7622090352560806,0.019253750456922892,0.049434844100422724,0.00034889060406366625,0.004125900574247696,1.807021213987194e-05,0.5430375203653025,0.005824108173560459,6.107601283763474,0.022218219120662023,0.8785970416865301,0.00035950960926731465,0.6713208304981038,0.010508761695180339,0.8785970416865301,0.00035950960926731465
stoch,0.2,20,10,1.7602092513750425,0.011968418070400104,0.04935893087490524,0.00021100710533856503,0.004144896790540514,1.997475959586757e-05,0.5514355020230233,0.0043334560419947665,6.142431228768838,0.040961351875481625,0.8739045182477885,0.007763790975283681,0.6598910050144535,0.01792953634607582,0.8739045182477885,0.007763790975283681
stoch,0.2,20,20,1.7602092513750425,0.011968418070400104,0.04935893087490524,0.00021100710533856503,0.004144896790540514,1.997475959586757e-05,0.5514355020230233,0.0043334560419947665,6.142431228768838,0.040961351875481625,0.8739045182477885,0.007763790975283681,0.6598910050144535,0.01792953634607582,0.8739045182477885,0.007763790975283681
stoch,0.2,20,50,1.7602092513750425,0.011968418070400104,0.04935893087490524,0.00021100710533856503,0.004144896790540514,1.997475959586757e-05,0.5514355020230233,0.0043334560419947665,6.142431228768838,0.040961351875481625,0.8739045182477885,0.007763790975283681,0.6598910050144535,0.01792953634607582,0.8739045182477885,0.007763790975283681
stoch,0.4,5,10,1.9589697629643077,0.03234573366351828,0.04950657173440429,0.000346196588177808,0.00366019081260126,1.3271132703237192e-05,0.4950868293935374,0.008651470514346097,4.118196891784794,0.059573821088260835,0.8658203774328914,0.008336045724587666,0.6433223770905172,0.005140989873584388,0.8658203774328914,0.008336045724587666
stoch,0.4,5,20,1.9505950584396547,0.02736740484121466,0.049333053173058874,0.00038257184276708426,0.003666590814352686,2.0138791294929042e-05,0.49177617406564184,0.007176091266080048,4.049234857753655,0.02810426938193631,0.871275532190382,0.011602398776174583,0.6482991144453212,0.02635293552982506,0.871275532190382,0.011602398776174583
stoch,0.4,5,50,1.94515030061219,0.010755550001961364,0.04947308555718378,0.00030210398795341056,0.0036599831257121186,1.2314764098907552e-05,0.49935213683279533,0.002418042856781995,3.9468610796664763,0.06596614882018076,0.8684699666295884,0.015196844637488799,0.6430328565322557,0.030349727233767564,0.8684699666295884,0.015196844637488799
stoch,0.4,10,10,1.9438561283563822,0.011512884213117757,0.049343610778908406,0.00018249393064905577,0.0036618452924315316,9.403380614426788e-06,0.49510672052694227,0.009086306730153901,4.129558191875697,0.05825392841934301,0.8753004702461876,0.015134900394069919,0.6607012819805919,0.03426804014899236,0.8753004702461876,0.015134900394069919
stoch,0.4,10,20,1.954822349004239,0.02469301805506646,0.04928522214413121,0.00018618889887541277,0.003659020622648294,2.0891888748892487e-05,0.49461026739029357,0.00620616439624228,4.072659544643958,0.04260798135311261,0.8720132990212524,0.01639124579793604,0.6471498985334422,0.035282244763771384,0.8720132990212524,0.01639124579793604
stoch,0.4,10,50,1.9496508453106869,0.011127776484792315,0.049429065748325805,0.0002984217685121569,0.0036700279805894436,9.01218149383899e-06,0.49725219878002724,0.0042961406410912985,3.9549835502598016,0.04853533117600134,0.8698975395942581,0.015457373678929886,0.647202056998907,0.03681405062094646,0.8698975395942581,0.015457373678929886
stoch,0.4,20,10,1.9433615965297815,0.019079047125104002,0.04945664337952069,0.0002997612274487163,0.0036684874822213573,2.4899388234531132e-05,0.4941344811541323,0.013432835022692022,4.118100037351638,0.04827824319551415,0.8648822848432415,0.007310094662737077,0.6372908639173531,0.021646520366022676,0.8648822848432415,0.007310094662737077
stoch,0.4,20,20,1.9548173834563767,0.020398096052912932,0.04942617712118226,0.00033025457786415853,0.0036600970006991753,1.1840029574735187e-05,0.4945825250371695,0.011644516935836522,4.045426578547649,0.043859640299085616,0.8696291964616771,0.014491565365935507,0.6467769905128149,0.03513264177627293,0.8696291964616771,0.014491565365935507
stoch,0.4,20,50,1.9453992322886993,0.023809362834076128,0.049425117007549216,0.00022129522882019124,0.00366193981709061,1.1514639639969216e-05,0.5006618503786926,0.005003356303502631,3.9570650256738262,0.05027558888078779,0.8703032231580062,0.013079178864783941,0.6461722682187989,0.029977391268003115,0.8703032231580062,0.013079178864783941
stoch,0.6,5,10,1.9586411940836659,0.028355682235693215,0.04944678581747105,0.000289818983648938,0.003684707178117936,1.1343532912912666e-05,0.4984973853322397,0.0034103818612806996,2.437779109294966,0.026577000940107898,0.8735163818116544,0.004851320864181146,0.6543627551824069,0.019591463280147266,0.8735163818116544,0.004851320864181146
stoch,0.6,5,20,1.9513378827093597,0.012526274892172977,0.049495205816955164,0.00027545824973805474,0.003685855914362592,1.2867043845412593e-05,0.49790945081413984,0.003589712418418678,2.4188761404147883,0.027930076369007392,0.8658917659833678,0.010384220749371169,0.6342277914717179,0.027017136725521203,0.8658917659833678,0.010384220749371169
stoch,0.6,5,50,1.9537949720246033,0.022408809860693952,0.04966671626765812,0.00022477305906486798,0.00368890174618573,8.270515878822184e-06,0.5012577194148626,0.0027827818686636087,2.36899659527175,0.060090232705841705,0.8746120583717358,0.007938542963106962,0.6501545092458209,0.02123942094421821,0.8746120583717358,0.007938542963106962
stoch,0.6,10,10,1.944226432586674,0.019808434008330232,0.04953455295635713,0.0005048049313344065,0.0036837229426180647,8.396793477832051e-06,0.5006915334509818,0.0051562103758441774,2.4092803038019097,0.028058150764092925,0.868853635138396,0.009705950077905109,0.6349183068162176,0.018327704545716417,0.868853635138396,0.009705950077905109
stoch,0.6,10,20,1.95036188413956,0.023915852462278644,0.04954985581033035,0.0004327121233322014,0.0036883392215389756,7.5864921611153176e-06,0.5003343756312052,0.004785304096216643,2.398890168321075,0.04007168537199283,0.8708795407595742,0.00749382145713022,0.640999732953053,0.013722001697486259,0.8708795407595742,0.00749382145713022
stoch,0.6,10,50,1.944814712491683,0.023784629128408584,0.049683138843498564,0.0003042085144277035,0.0036857330011676936,1.288804845134942e-05,0.5009156686260008,0.0030920635075751338,2.370678743181917,0.04781126545913379,0.8724095370517506,0.008702602917919704,0.6475447217745726,0.020285963156803078,0.8724095370517506,0.008702602917919704
stoch,0.6,20,10,1.944560224061615,0.01655621689478271,0.049529224860902964,0.00041501808330413786,0.0036820796825944983,7.2452190099351035e-06,0.5008832147758155,0.004129884374607342,2.406590000497842,0.06192526827210689,0.8709924890089518,0.007304054225048465,0.652229931817058,0.007001522836087483,0.8709924890089518,0.007304054225048465
stoch,0.6,20,20,1.947659782036298,0.0177102217314979,0.049577188130123816,0.0002942212028853289,0.003687594104961756,5.790294189303398e-06,0.5018600639315611,0.003134547931231337,2.4043136088554684,0.06935660387437993,0.8720812463583878,0.0059669333484469985,0.650966676074259,0.009482608478263477,0.8720812463583878,0.0059669333484469985
stoch,0.6,20,50,1.9476936166955412,0.01971220033706214,0.04968057429972349,0.00023516291571579415,0.0036890334150326705,7.863075955336006e-06,0.5023594932409909,0.003437079468119627,2.3736568046454534,0.06441812025652154,0.8719605381640978,0.008020569046448791,0.6508331281766017,0.021626714474902567,0.8719605381640978,0.008020569046448791
stoch,0.8,5,10,1.9430238355524476,0.027134751611536202,0.04961308304659509,0.00038965020747652854,0.003673925595618873,1.1547899617649424e-05,0.5008299035075408,0.003999472199153799,2.251946072577266,0.007830439030947272,0.8713564886911384,0.005604947613992061,0.6497797258830375,0.016346808245788436,0.8713564886911384,0.005604947613992061
stoch,0.8,5,20,1.9430238355524476,0.027134751611536202,0.04961308304659509,0.00038965020747652854,0.003673925595618873,1.1547899617649424e-05,0.5008299035075408,0.003999472199153799,2.251946072577266,0.007830439030947272,0.8713564886911384,0.005604947613992061,0.6497797258830375,0.016346808245788436,0.8713564886911384,0.005604947613992061
stoch,0.8,5,50,1.9430238355524476,0.027134751611536202,0.04961308304659509,0.00038965020747652854,0.003673925595618873,1.1547899617649424e-05,0.5008299035075408,0.003999472199153799,2.251946072577266,0.007830439030947272,0.8713564886911384,0.005604947613992061,0.6497797258830375,0.016346808245788436,0.8713564886911384,0.005604947613992061
stoch,0.8,10,10,1.9430238355524476,0.027134751611536202,0.04961308304659509,0.00038965020747652854,0.003673925595618873,1.1547899617649424e-05,0.5008299035075408,0.003999472199153799,2.251946072577266,0.007830439030947272,0.8713564886911384,0.005604947613992061,0.6497797258830375,0.016346808245788436,0.8713564886911384,0.005604947613992061
stoch,0.8,10,20,1.9430238355524476,0.027134751611536202,0.04961308304659509,0.00038965020747652854,0.003673925595618873,1.1547899617649424e-05,0.5008299035075408,0.003999472199153799,2.251946072577266,0.007830439030947272,0.8713564886911384,0.005604947613992061,0.6497797258830375,0.016346808245788436,0.8713564886911384,0.005604947613992061
stoch,0.8,10,50,1.9430238355524476,0.027134751611536202,0.04961308304659509,0.00038965020747652854,0.003673925595618873,1.1547899617649424e-05,0.5008299035075408,0.003999472199153799,2.251946072577266,0.007830439030947272,0.8713564886911384,0.005604947613992061,0.6497797258830375,0.016346808245788436,0.8713564886911384,0.005604947613992061
stoch,0.8,20,10,1.9430238355524476,0.027134751611536202,0.04961308304659509,0.00038965020747652854,0.003673925595618873,1.1547899617649424e-05,0.5008299035075408,0.003999472199153799,2.251946072577266,0.007830439030947272,0.8713564886911384,0.005604947613992061,0.6497797258830375,0.016346808245788436,0.8713564886911384,0.005604947613992061
stoch,0.8,20,20,1.9430238355524476,0.027134751611536202,0.04961308304659509,0.00038965020747652854,0.003673925595618873,1.1547899617649424e-05,0.5008299035075408,0.003999472199153799,2.251946072577266,0.007830439030947272,0.8713564886911384,0.005604947613992061,0.6497797258830375,0.016346808245788436,0.8713564886911384,0.005604947613992061
stoch,0.8,20,50,1.9430238355524476,0.027134751611536202,0.04961308304659509,0.00038965020747652854,0.003673925595618873,1.1547899617649424e-05,0.5008299035075408,0.003999472199153799,2.251946072577266,0.007830439030947272,0.8713564886911384,0.005604947613992061,0.6497797258830375,0.016346808245788436,0.8713564886911384,0.005604947613992061
